empresa;unidade;cargo;previsto
EMSERH;HOSP ADELIA MATOS;Administrador Hospitalar;4
EMSERH;HOSP ADELIA MATOS;Assistente Social ;4
EMSERH;HOSP ADELIA MATOS;Assistente Administrativo;1
EMSERH;HOSP ADELIA MATOS;Auxiliar administrativo ;1
EMSERH;HOSP ADELIA MATOS;Auxiliar de Cozinha ;18
EMSERH;HOSP ADELIA MATOS;Auxiliar de Farmácia ;5
EMSERH;HOSP ADELIA MATOS;Auxiliar Operacional de Serviços Gerais ;2
EMSERH;HOSP ADELIA MATOS;Bioquímico ou Biomédico ;1
EMSERH;HOSP ADELIA MATOS;Coordenador de Enfermagem ;1
EMSERH;HOSP ADELIA MATOS;Coordenador de Farmácia;1
EMSERH;HOSP ADELIA MATOS;Diretor Administrativo;1
EMSERH;HOSP ADELIA MATOS;Diretor Clinico ;1
EMSERH;HOSP ADELIA MATOS;Diretor Geral;1
EMSERH;HOSP ADELIA MATOS;Encarregado de Hotelaria;1
EMSERH;HOSP ADELIA MATOS;Encarregado de Manutenção;1
EMSERH;HOSP ADELIA MATOS;Encarregado de Recursos Humanos;1
EMSERH;HOSP ADELIA MATOS;Encarregado de Rouparia;1
EMSERH;HOSP ADELIA MATOS;Encarregado de Transporte;1
EMSERH;HOSP ADELIA MATOS;Encarregado do Almoxarifado ;1
EMSERH;HOSP ADELIA MATOS;Encarregado de Serviços Gerais;1
EMSERH;HOSP ADELIA MATOS;Enfermeiro;11
EMSERH;HOSP ADELIA MATOS;Enfermeiro Especialista em Obstetrícia ;1
EMSERH;HOSP ADELIA MATOS;Enfermeiros Especialista em Urgência e Emergência ;10
EMSERH;HOSP ADELIA MATOS;Farmacêutico;4
EMSERH;HOSP ADELIA MATOS;Faturista;2
EMSERH;HOSP ADELIA MATOS;Fisioterapeuta;3
EMSERH;HOSP ADELIA MATOS;Maqueiro ;4
EMSERH;HOSP ADELIA MATOS;Motorista  Categoria D;3
EMSERH;HOSP ADELIA MATOS;Nutricionista;2
EMSERH;HOSP ADELIA MATOS;Psicólogo ;1
EMSERH;HOSP ADELIA MATOS;Recepcionista ;10
EMSERH;HOSP ADELIA MATOS;Secretária;1
EMSERH;HOSP ADELIA MATOS;Supervisor Administrativo;5
EMSERH;HOSP ADELIA MATOS;Supervisor de Atendimento ;1
EMSERH;HOSP ADELIA MATOS;Supervisor de Enfermagem -  CCIH / NHE;1
EMSERH;HOSP ADELIA MATOS;Supervisor de Enfermagem - C.C e CME;1
EMSERH;HOSP ADELIA MATOS;Supervisor de Enfermagem - INTERNAÇÃO;1
EMSERH;HOSP ADELIA MATOS;Supervisor de Radiologia;1
EMSERH;HOSP ADELIA MATOS;Técnico em Enfermagem ;83
EMSERH;HOSP ADELIA MATOS;Técnico em Enfermagem com graduação;4
EMSERH;HOSP ADELIA MATOS;Técnico em Imobilização Ortopédica ;2
EMSERH;HOSP ADELIA MATOS;Técnico em Laboratório;2
EMSERH;HOSP ADELIA MATOS;Técnico em Segurança do Trabalho;1
IADVH;HOSP ADELIA MATOS;Agente de Portaria;15
IADVH;HOSP ADELIA MATOS;Assistente Administrativo;10
IADVH;HOSP ADELIA MATOS;Assistente Social;1
IADVH;HOSP ADELIA MATOS;Auxiliar de Hotelaria;27
IADVH;HOSP ADELIA MATOS;Cozinheiro;10
IADVH;HOSP ADELIA MATOS;Enfermeiro;17
IADVH;HOSP ADELIA MATOS;Farmaceutico;1
IADVH;HOSP ADELIA MATOS;Maqueiro;3
IADVH;HOSP ADELIA MATOS;Motorista cat B e D;5
IADVH;HOSP ADELIA MATOS;Nutricionista;1
IADVH;HOSP ADELIA MATOS;Psicologo;1
IADVH;HOSP ADELIA MATOS;Recepcionista;1
IADVH;HOSP ADELIA MATOS;Tecnico em Administraçao;1
IADVH;HOSP ADELIA MATOS;Tecnico em Enfermagem;62
IADVH;HOSP ADELIA MATOS;Técnico em Manutenção Predial;2
IADVH;HOSP ADELIA MATOS;Tecnico em Radiologia;8
EMSERH;HOSPITAL ALARICO NUNES;Agente de Portaria;4
EMSERH;HOSPITAL ALARICO NUNES;Assistente Social ;4
EMSERH;HOSPITAL ALARICO NUNES;Auxiliar Administrativo;2
EMSERH;HOSPITAL ALARICO NUNES;Auxiliar de Farmácia;5
EMSERH;HOSPITAL ALARICO NUNES;Auxiliar de Almoxarifado;1
EMSERH;HOSPITAL ALARICO NUNES;Bioquímico (Agencia Transfunsional);3
EMSERH;HOSPITAL ALARICO NUNES;Coordenação Geral de Enfermagem;1
EMSERH;HOSPITAL ALARICO NUNES;Coordenador da Farmácia;1
EMSERH;HOSPITAL ALARICO NUNES;Diretor Administrativo;1
EMSERH;HOSPITAL ALARICO NUNES;Diretor Clinico;1
EMSERH;HOSPITAL ALARICO NUNES;Diretor Geral;1
EMSERH;HOSPITAL ALARICO NUNES;Encarregado do Almoxarifado ;1
EMSERH;HOSPITAL ALARICO NUNES;Enfermeiros;33
EMSERH;HOSPITAL ALARICO NUNES;Farmacêutico;4
EMSERH;HOSPITAL ALARICO NUNES;Fisioterapeutas ;4
EMSERH;HOSPITAL ALARICO NUNES;Fisioterapeutas especialista em UTI;6
EMSERH;HOSPITAL ALARICO NUNES;Fonoaudiologa;2
EMSERH;HOSPITAL ALARICO NUNES;Maqueiro;1
EMSERH;HOSPITAL ALARICO NUNES;Motorista Carro de Apoio;2
EMSERH;HOSPITAL ALARICO NUNES;Nutricionista;4
EMSERH;HOSPITAL ALARICO NUNES;Psicóloga;2
EMSERH;HOSPITAL ALARICO NUNES;Recepcionista;2
EMSERH;HOSPITAL ALARICO NUNES;Supervisor Administrativos;4
EMSERH;HOSPITAL ALARICO NUNES;Supervisor Ambulatório;1
EMSERH;HOSPITAL ALARICO NUNES;Supervisor de Recursos Humanos;1
EMSERH;HOSPITAL ALARICO NUNES;Supervisor de CCIH/NHE ;1
EMSERH;HOSPITAL ALARICO NUNES;Supervisor de Faturamento;1
EMSERH;HOSPITAL ALARICO NUNES;Supervisor de Internação;1
EMSERH;HOSPITAL ALARICO NUNES;Supervisor do Núcleo Interno de Regulação - NIR;1
EMSERH;HOSPITAL ALARICO NUNES;Supervisor em Enfermagem Centro Cirurgico/ CME;1
EMSERH;HOSPITAL ALARICO NUNES;Supervisor em Enfermagem de UTI;1
EMSERH;HOSPITAL ALARICO NUNES;Supervisor Serviço Social;1
EMSERH;HOSPITAL ALARICO NUNES;Supervisor em Fisioterapia;2
EMSERH;HOSPITAL ALARICO NUNES;Técnico em Enfermagem com graduação;6
EMSERH;HOSPITAL ALARICO NUNES;Técnico em Enfermagem;66
IADVH;HOSPITAL ALARICO NUNES;Agente de Portaria;8
IADVH;HOSPITAL ALARICO NUNES;Assistente Administrativo;7
IADVH;HOSPITAL ALARICO NUNES;Assistente Social;8
IADVH;HOSPITAL ALARICO NUNES;Auxiliar de Almoxarifado;1
IADVH;HOSPITAL ALARICO NUNES;Auxiliar de Farmacia;5
IADVH;HOSPITAL ALARICO NUNES;Auxiliar de Hotelaria;6
IADVH;HOSPITAL ALARICO NUNES;Auxiliar de Saúde Bucal;1
IADVH;HOSPITAL ALARICO NUNES;Enfermeiro;64
IADVH;HOSPITAL ALARICO NUNES;Farmaceutico;1
IADVH;HOSPITAL ALARICO NUNES;Faturista;1
IADVH;HOSPITAL ALARICO NUNES;Fisioterapeuta;20
IADVH;HOSPITAL ALARICO NUNES;Maqueiro;24
IADVH;HOSPITAL ALARICO NUNES;Motorista Cat. B e D;2
IADVH;HOSPITAL ALARICO NUNES;Nutricionista;3
IADVH;HOSPITAL ALARICO NUNES;Recepcionista;2
IADVH;HOSPITAL ALARICO NUNES;Tecnico em Enfermagem;195
IADVH;HOSPITAL ALARICO NUNES;Tecnico em Laboratorio;5
IADVH;HOSPITAL ALARICO NUNES;Técnico de Manutenção;4
IADVH;HOSPITAL ALARICO NUNES;Tecnico em Radiologia;7
IADVH;HOSPITAL ALARICO NUNES;Técnico em Saúde do Trabalho;1
EMSERH;HOSP REGIONAL ALTO ALEGRE;Assistente Social;1
EMSERH;HOSP REGIONAL ALTO ALEGRE;Auxiliar Administrativo;2
EMSERH;HOSP REGIONAL ALTO ALEGRE;Auxiliar de Serviços Gerais;1
EMSERH;HOSP REGIONAL ALTO ALEGRE;Biomédico;1
EMSERH;HOSP REGIONAL ALTO ALEGRE;Coordenador de Farmácia;1
EMSERH;HOSP REGIONAL ALTO ALEGRE;Coordenador(a) em Enfermagem;1
EMSERH;HOSP REGIONAL ALTO ALEGRE;Diretor(a) Administrativo;1
EMSERH;HOSP REGIONAL ALTO ALEGRE;Encarregado (a) de Faturamento;1
EMSERH;HOSP REGIONAL ALTO ALEGRE;Encarregado de Almoxarifado;1
EMSERH;HOSP REGIONAL ALTO ALEGRE;Encarregado de Recursos Humanos;1
EMSERH;HOSP REGIONAL ALTO ALEGRE;Enfermeiro (a);11
EMSERH;HOSP REGIONAL ALTO ALEGRE;Fisioterapeuta;1
EMSERH;HOSP REGIONAL ALTO ALEGRE;Maqueiro;1
EMSERH;HOSP REGIONAL ALTO ALEGRE;Nutricionista;1
EMSERH;HOSP REGIONAL ALTO ALEGRE;Recepcionista;1
EMSERH;HOSP REGIONAL ALTO ALEGRE;Supervisor (a) Administrativo;5
EMSERH;HOSP REGIONAL ALTO ALEGRE;Supervisor (a) em Enfermagem CCIH;1
EMSERH;HOSP REGIONAL ALTO ALEGRE;Supervisor (a) de Internação;1
EMSERH;HOSP REGIONAL ALTO ALEGRE;Supervisor (a) Serviço Social;1
EMSERH;HOSP REGIONAL ALTO ALEGRE;Supervisor em Enfermagem Centro Cirúrgico;1
EMSERH;HOSP REGIONAL ALTO ALEGRE;Técnico (a) em Enfermagem;8
EMSERH;HOSP REGIONAL ALTO ALEGRE;Técnico de Laboratório;1
EMSERH;HOSP REGIONAL ALTO ALEGRE;Técnico Em Radiologia ;1
IADVH;HOSP REGIONAL ALTO ALEGRE;Agente de Portaria;9
IADVH;HOSP REGIONAL ALTO ALEGRE;Assistente Administrativo;15
IADVH;HOSP REGIONAL ALTO ALEGRE;Assistente Social;2
IADVH;HOSP REGIONAL ALTO ALEGRE;Auxiliar de Farmacia;9
IADVH;HOSP REGIONAL ALTO ALEGRE;Enfermeiro;22
IADVH;HOSP REGIONAL ALTO ALEGRE;Maqueiro;9
IADVH;HOSP REGIONAL ALTO ALEGRE;Motorista Cat. B e D;7
IADVH;HOSP REGIONAL ALTO ALEGRE;Nutricionista;1
IADVH;HOSP REGIONAL ALTO ALEGRE;Recepcionista;10
IADVH;HOSP REGIONAL ALTO ALEGRE;Secretaria;1
IADVH;HOSP REGIONAL ALTO ALEGRE;Tecnico em Enfermagem;117
IADVH;HOSP REGIONAL ALTO ALEGRE;Tecnico em Informatica;1
IADVH;HOSP REGIONAL ALTO ALEGRE;Tecnico em Radiologia;7
EMSERH;HOSPITAL AQUILES LISBOA;Auxiliar de Farmácia;2
EMSERH;HOSPITAL AQUILES LISBOA;Coordenação de Enfermagem;1
EMSERH;HOSPITAL AQUILES LISBOA;Coordenador de Fármacia ;1
EMSERH;HOSPITAL AQUILES LISBOA;Coordenador de Segurança;1
EMSERH;HOSPITAL AQUILES LISBOA;Coordenador do laboratorio de Baciloscopia;1
EMSERH;HOSPITAL AQUILES LISBOA;Coordenadora de Administrativo;4
EMSERH;HOSPITAL AQUILES LISBOA;Dentista;1
EMSERH;HOSPITAL AQUILES LISBOA;Diretor Administrativo;1
EMSERH;HOSPITAL AQUILES LISBOA;Diretor Clinico;1
EMSERH;HOSPITAL AQUILES LISBOA;Diretor Geral;1
EMSERH;HOSPITAL AQUILES LISBOA;Encarregado de Faturamento;1
EMSERH;HOSPITAL AQUILES LISBOA;Encarregado de Recursos Humanos ;1
EMSERH;HOSPITAL AQUILES LISBOA;Encarregado de Hotelaria;1
EMSERH;HOSPITAL AQUILES LISBOA;Enfermeiro;3
EMSERH;HOSPITAL AQUILES LISBOA;Farmacêutico;4
EMSERH;HOSPITAL AQUILES LISBOA;Motorista Categoria D - carro de Apoio;1
EMSERH;HOSPITAL AQUILES LISBOA;Nutricionista ;3
EMSERH;HOSPITAL AQUILES LISBOA;Supervisor  do NIR;1
EMSERH;HOSPITAL AQUILES LISBOA;Supervisor Administrativo;4
EMSERH;HOSPITAL AQUILES LISBOA;Supervisor de Enfermagem - CCIH/NHE;1
EMSERH;HOSPITAL AQUILES LISBOA;Supervisor de Serviço Social;1
EMSERH;HOSPITAL AQUILES LISBOA;Supervisor em Enfermagem;1
EMSERH;HOSPITAL AQUILES LISBOA;Supervisor Multiprofissional;1
EMSERH;HOSPITAL AQUILES LISBOA;Técnico  em Enfermagem ;1
IADVH;HOSPITAL AQUILES LISBOA;Agente de Portaria;16
IADVH;HOSPITAL AQUILES LISBOA;Atendente de Consultorio;1
IADVH;HOSPITAL AQUILES LISBOA;Assistente Social;4
IADVH;HOSPITAL AQUILES LISBOA;Assistente Administrativo;16
IADVH;HOSPITAL AQUILES LISBOA;Auxiliar de Hotelaria;13
IADVH;HOSPITAL AQUILES LISBOA;Cozinheiro;4
IADVH;HOSPITAL AQUILES LISBOA;Enfermeiro;7
IADVH;HOSPITAL AQUILES LISBOA;Farmaceutico;1
IADVH;HOSPITAL AQUILES LISBOA;Faturista;2
IADVH;HOSPITAL AQUILES LISBOA;Fisoterapeuta;5
IADVH;HOSPITAL AQUILES LISBOA;Fonoaudiologo;2
IADVH;HOSPITAL AQUILES LISBOA;Maqueiro;4
IADVH;HOSPITAL AQUILES LISBOA;Nutricionista;1
IADVH;HOSPITAL AQUILES LISBOA;Podologa;1
IADVH;HOSPITAL AQUILES LISBOA;Psicologo;2
IADVH;HOSPITAL AQUILES LISBOA;Sapateiro;1
IADVH;HOSPITAL AQUILES LISBOA;Tecnico em Saude Bucal;1
IADVH;HOSPITAL AQUILES LISBOA;tecnico em Enfermagem;15
IADVH;HOSPITAL AQUILES LISBOA;Terapeuta Ocupacional;3
EMSERH;HOSPITAL REGIONAL DE CARUTAPERA;Assitente Social;2
EMSERH;HOSPITAL REGIONAL DE CARUTAPERA;Auxiliar de faturamento;1
EMSERH;HOSPITAL REGIONAL DE CARUTAPERA;Auxiliar de Laboratório;1
EMSERH;HOSPITAL REGIONAL DE CARUTAPERA;Auxiliar de lavanderia;1
EMSERH;HOSPITAL REGIONAL DE CARUTAPERA;Auxiliar de Manutenção ;4
EMSERH;HOSPITAL REGIONAL DE CARUTAPERA;Auxiliar de Rouparia;5
EMSERH;HOSPITAL REGIONAL DE CARUTAPERA;Bioquímico;3
EMSERH;HOSPITAL REGIONAL DE CARUTAPERA;Coordenação de Enfermagem ;2
EMSERH;HOSPITAL REGIONAL DE CARUTAPERA;Coordenador de Fármacia;1
EMSERH;HOSPITAL REGIONAL DE CARUTAPERA;Diretor Administrativo ;1
EMSERH;HOSPITAL REGIONAL DE CARUTAPERA;Diretor Clinico;1
EMSERH;HOSPITAL REGIONAL DE CARUTAPERA;Diretor Geral;1
EMSERH;HOSPITAL REGIONAL DE CARUTAPERA;Encarregada da Recepção;1
EMSERH;HOSPITAL REGIONAL DE CARUTAPERA;Encarregada de Hotelaria;1
EMSERH;HOSPITAL REGIONAL DE CARUTAPERA;Encarregado de faturamento;1
EMSERH;HOSPITAL REGIONAL DE CARUTAPERA;Encarregado de manutenção;1
EMSERH;HOSPITAL REGIONAL DE CARUTAPERA;Encarregado de Recursos Humanos;1
EMSERH;HOSPITAL REGIONAL DE CARUTAPERA;Encarregado de Transporte;1
EMSERH;HOSPITAL REGIONAL DE CARUTAPERA;Enfermeiro;12
EMSERH;HOSPITAL REGIONAL DE CARUTAPERA;Farmacêutico;5
EMSERH;HOSPITAL REGIONAL DE CARUTAPERA;Maqueiro;5
EMSERH;HOSPITAL REGIONAL DE CARUTAPERA;Nutricionista 01;3
EMSERH;HOSPITAL REGIONAL DE CARUTAPERA;Psicólogo ;1
EMSERH;HOSPITAL REGIONAL DE CARUTAPERA;Recepcionista ;2
EMSERH;HOSPITAL REGIONAL DE CARUTAPERA;Supervisor Administrativo;2
EMSERH;HOSPITAL REGIONAL DE CARUTAPERA;Supervisor da CCIH/NHE ;1
EMSERH;HOSPITAL REGIONAL DE CARUTAPERA;Supervisor de Enfermagem Especialista em Centro Cirúrgico;1
EMSERH;HOSPITAL REGIONAL DE CARUTAPERA;Supervisor do Núcleo Interno de Regulação -  NIR;1
EMSERH;HOSPITAL REGIONAL DE CARUTAPERA;Supervisor NEP/NSP ;1
EMSERH;HOSPITAL REGIONAL DE CARUTAPERA;Tecnico Administrativo;1
EMSERH;HOSPITAL REGIONAL DE CARUTAPERA;Técnico em Enfermagem graduação;3
EMSERH;HOSPITAL REGIONAL DE CARUTAPERA;Técnico em Radiologia ;5
EMSERH;HOSPITAL REGIONAL DE CARUTAPERA;Técnico em Segurança do Trabalho ;1
IADVH;HOSPITAL REGIONAL DE CARUTAPERA;Assistente Social;7
IADVH;HOSPITAL REGIONAL DE CARUTAPERA;Auxiliar de Farmacia;5
IADVH;HOSPITAL REGIONAL DE CARUTAPERA;Assistente Administrativo;9
IADVH;HOSPITAL REGIONAL DE CARUTAPERA;Atentende de Consultorio;1
IADVH;HOSPITAL REGIONAL DE CARUTAPERA;Técnico em Manutenção Predial;4
IADVH;HOSPITAL REGIONAL DE CARUTAPERA;Auxiliar de Hotelaria;29
IADVH;HOSPITAL REGIONAL DE CARUTAPERA;Bioquimico/Farmaceutico;3
IADVH;HOSPITAL REGIONAL DE CARUTAPERA;Fisioterapeuta;12
IADVH;HOSPITAL REGIONAL DE CARUTAPERA;Cozinheira;1
IADVH;HOSPITAL REGIONAL DE CARUTAPERA;Enfermeiro;25
IADVH;HOSPITAL REGIONAL DE CARUTAPERA;Motorista Categoria B e D;5
IADVH;HOSPITAL REGIONAL DE CARUTAPERA;Maqueiro;6
IADVH;HOSPITAL REGIONAL DE CARUTAPERA;Agente de Portaria;18
IADVH;HOSPITAL REGIONAL DE CARUTAPERA;Recepcionista;7
IADVH;HOSPITAL REGIONAL DE CARUTAPERA;Tecnico em Enfermagem;99
IADVH;HOSPITAL REGIONAL DE CARUTAPERA;Tecnico em Gesso;1
EMSERH;CENTRAL DE REGULACAO;Auxiliar Administrativo;2
EMSERH;CENTRAL DE REGULACAO;Condutor socorrista - Motorista Categoria D;19
EMSERH;CENTRAL DE REGULACAO;Enfermeiro de Regulação;6
EMSERH;CENTRAL DE REGULACAO;Enfermeiro Socorrista (USA);14
EMSERH;CENTRAL DE REGULACAO;Enfermeiro Supervisor;1
EMSERH;CENTRAL DE REGULACAO;Operador de Regulação;6
EMSERH;CENTRAL DE REGULACAO;Supervisor de Frota ;2
EMSERH;CENTRAL DE REGULACAO;Supervisor de Recursos Humanos;1
EMSERH;CENTRAL DE REGULACAO;Técnico de Enfermagem Socorrista;22
EMSERH;CENTRAL DE REGULACAO;Auxiliar Administrativo;4
EMSERH;CENTRAL DE REGULACAO;Coordenadora de Enfermagem;1
EMSERH;CENTRAL DE REGULACAO;Coordenadora Central de Regulação Oncotica - Ambulatorio (Imperatriz);1
EMSERH;CENTRAL DE REGULACAO;Coordenadora Central de Regulação Oncotica - Ambulatorio (Timon);1
EMSERH;CENTRAL DE REGULACAO;Gerente Administrativo ;2
EMSERH;CENTRAL DE REGULACAO;Enfermeiro Regulador;6
EMSERH;CENTRAL DE REGULACAO;Médico Regulador;1
EMSERH;CENTRAL DE REGULACAO;Operador de Call center;2
EMSERH;CENTRAL DE REGULACAO;Operador de Regulação;9
EMSERH;CENTRAL DE REGULACAO;Enfermeiro de Regulação (Leito e Exames);6
EMSERH;CENTRAL DE REGULACAO;Operador de Regulação;5
EMSERH;CENTRO ESPECIALIZADO DE REABILITACAO OLHO D'AGUA;Agente Operacional de Serviços Gerais ;7
EMSERH;CENTRO ESPECIALIZADO DE REABILITACAO OLHO D'AGUA;Agente Portaria;3
EMSERH;CENTRO ESPECIALIZADO DE REABILITACAO OLHO D'AGUA;Artista Plástico;1
EMSERH;CENTRO ESPECIALIZADO DE REABILITACAO OLHO D'AGUA;Assistente Social ;2
EMSERH;CENTRO ESPECIALIZADO DE REABILITACAO OLHO D'AGUA;Assistente Administrativo;2
EMSERH;CENTRO ESPECIALIZADO DE REABILITACAO OLHO D'AGUA;Auxiliar Administrativo;4
EMSERH;CENTRO ESPECIALIZADO DE REABILITACAO OLHO D'AGUA;Auxiliar de Manutenção;2
EMSERH;CENTRO ESPECIALIZADO DE REABILITACAO OLHO D'AGUA;Supervisor Administrativo;2
EMSERH;CENTRO ESPECIALIZADO DE REABILITACAO OLHO D'AGUA;Coordenador Multiprofissional;1
EMSERH;CENTRO ESPECIALIZADO DE REABILITACAO OLHO D'AGUA;Coordenador Administrativo;1
EMSERH;CENTRO ESPECIALIZADO DE REABILITACAO OLHO D'AGUA;Diretoria  Administrativa;1
EMSERH;CENTRO ESPECIALIZADO DE REABILITACAO OLHO D'AGUA;Diretoria Geral ;1
EMSERH;CENTRO ESPECIALIZADO DE REABILITACAO OLHO D'AGUA;Educador Físico;5
EMSERH;CENTRO ESPECIALIZADO DE REABILITACAO OLHO D'AGUA;Encarregado de Manutenção;1
EMSERH;CENTRO ESPECIALIZADO DE REABILITACAO OLHO D'AGUA;Encarregado de Faturamento;1
EMSERH;CENTRO ESPECIALIZADO DE REABILITACAO OLHO D'AGUA;Encarregado de Recepção;1
EMSERH;CENTRO ESPECIALIZADO DE REABILITACAO OLHO D'AGUA;Encarregado de Atendimento;1
EMSERH;CENTRO ESPECIALIZADO DE REABILITACAO OLHO D'AGUA;Encarregado RH;1
EMSERH;CENTRO ESPECIALIZADO DE REABILITACAO OLHO D'AGUA;Enfermeiro com Especialização em Estomaterapia ;2
EMSERH;CENTRO ESPECIALIZADO DE REABILITACAO OLHO D'AGUA;Faturista ;1
EMSERH;CENTRO ESPECIALIZADO DE REABILITACAO OLHO D'AGUA;Fisioterapeuta;7
EMSERH;CENTRO ESPECIALIZADO DE REABILITACAO OLHO D'AGUA;Fonoaudiologo;12
EMSERH;CENTRO ESPECIALIZADO DE REABILITACAO OLHO D'AGUA;Maqueiro ;2
EMSERH;CENTRO ESPECIALIZADO DE REABILITACAO OLHO D'AGUA;Medico Ortopedista e Traumatologista;1
EMSERH;CENTRO ESPECIALIZADO DE REABILITACAO OLHO D'AGUA;Musicoterapeuta;1
EMSERH;CENTRO ESPECIALIZADO DE REABILITACAO OLHO D'AGUA;Nutricionista;1
EMSERH;CENTRO ESPECIALIZADO DE REABILITACAO OLHO D'AGUA;Psicologo;13
EMSERH;CENTRO ESPECIALIZADO DE REABILITACAO OLHO D'AGUA;Recepcionistas;10
EMSERH;CENTRO ESPECIALIZADO DE REABILITACAO OLHO D'AGUA;Supervisor de Fisioterapia;1
EMSERH;CENTRO ESPECIALIZADO DE REABILITACAO OLHO D'AGUA;Supervisor de Terapia Ocupacional;1
EMSERH;CENTRO ESPECIALIZADO DE REABILITACAO OLHO D'AGUA;Técnico em Informatica;1
EMSERH;CENTRO ESPECIALIZADO DE REABILITACAO OLHO D'AGUA;Técnicos de Enfermagem;4
EMSERH;CENTRO ESPECIALIZADO DE REABILITACAO OLHO D'AGUA;Terapeuta Ocupacional;12
EMSERH;CENTRO ESPECIALIZADO DE REABILITACAO OLHO D'AGUA;Tradutor de Libras ;2
EMSERH;CENTRO ESPECIALIZADO DE REABILITACAO OLHO D'AGUA;Psicopedagogo;6
IADVH;CENTRO ESPECIALIZADO DE REABILITACAO OLHO D'AGUA;Agente de Portaria;6
IADVH;CENTRO ESPECIALIZADO DE REABILITACAO OLHO D'AGUA;Assistente Social;2
IADVH;CENTRO ESPECIALIZADO DE REABILITACAO OLHO D'AGUA;Assistente Administrativo;5
IADVH;CENTRO ESPECIALIZADO DE REABILITACAO OLHO D'AGUA;Auxiliar de Hotelaria;2
IADVH;CENTRO ESPECIALIZADO DE REABILITACAO OLHO D'AGUA;Copeiro;1
IADVH;CENTRO ESPECIALIZADO DE REABILITACAO OLHO D'AGUA;Educador Fisico;2
IADVH;CENTRO ESPECIALIZADO DE REABILITACAO OLHO D'AGUA;Enfermeiro;2
IADVH;CENTRO ESPECIALIZADO DE REABILITACAO OLHO D'AGUA;Fisioterapeuta;9
IADVH;CENTRO ESPECIALIZADO DE REABILITACAO OLHO D'AGUA;Fonoaudiologo;2
IADVH;CENTRO ESPECIALIZADO DE REABILITACAO OLHO D'AGUA;Maqueiro;1
IADVH;CENTRO ESPECIALIZADO DE REABILITACAO OLHO D'AGUA;Nutricionista;1
IADVH;CENTRO ESPECIALIZADO DE REABILITACAO OLHO D'AGUA;Psicologo;1
IADVH;CENTRO ESPECIALIZADO DE REABILITACAO OLHO D'AGUA;Psicopedagogo;3
IADVH;CENTRO ESPECIALIZADO DE REABILITACAO OLHO D'AGUA;Recepcionista;2
IADVH;CENTRO ESPECIALIZADO DE REABILITACAO OLHO D'AGUA;Tecnico em Enfermagem;6
IADVH;CENTRO ESPECIALIZADO DE REABILITACAO OLHO D'AGUA;Técnico em Manutenção Predial;1
IADVH;CENTRO ESPECIALIZADO DE REABILITACAO OLHO D'AGUA;Terapeuta Ocupacional;5
EMSERH;FESMA;ASSISTENTE SOCIAL;1
EMSERH;FESMA;ASSISTENTE SOCIAL;1
EMSERH;FESMA;ENFERMEIRO;9
EMSERH;FESMA;ENFERMEIRO;26
EMSERH;FESMA;FARMACÊUTICO;1
EMSERH;FESMA;NUTRICIONISTA;2
EMSERH;FESMA;PSICÓLOGO;1
EMSERH;FESMA;PSICÓLOGO;1
EMSERH;FESMA;FISIOTERAPEUTA;1
EMSERH;FESMA;FISIOTERAPEUTA;1
EMSERH;FESMA;MÉDICO ;11
EMSERH;FESMA;MÉDICO ;4
EMSERH;FESMA;TERAPEUTA OCUPACIONAL;2
EMSERH;FESMA;MOTORISTA;11
EMSERH;FESMA;MOTORISTA (capital);4
EMSERH;FESMA;GERENTE ADMINISTRATIVO;1
EMSERH;CENTRO DE SAUDE GENESIO REGO;Auxiliar Administrativo;5
EMSERH;CENTRO DE SAUDE GENESIO REGO;Coordenador Administrativo;2
EMSERH;CENTRO DE SAUDE GENESIO REGO;Encarregado de RH;1
EMSERH;CENTRO DE SAUDE GENESIO REGO;Encarregado de Faturamento;1
EMSERH;CENTRO DE SAUDE GENESIO REGO;Enfermeiro;13
EMSERH;CENTRO DE SAUDE GENESIO REGO;Farmacêutico;3
EMSERH;CENTRO DE SAUDE GENESIO REGO;Fisioterapeuta;8
EMSERH;CENTRO DE SAUDE GENESIO REGO;Fisioterapeuta Especialista em Dermatologia;2
EMSERH;CENTRO DE SAUDE GENESIO REGO;Maqueiro;6
EMSERH;CENTRO DE SAUDE GENESIO REGO;Nutricionista;2
EMSERH;CENTRO DE SAUDE GENESIO REGO;Recepcionista;5
EMSERH;CENTRO DE SAUDE GENESIO REGO;Secretaria;1
EMSERH;CENTRO DE SAUDE GENESIO REGO;Supervisora de Enfermagem;2
EMSERH;CENTRO DE SAUDE GENESIO REGO;Supervisor de Serviço Social;1
EMSERH;CENTRO DE SAUDE GENESIO REGO;Técnico em Enfermagem ;34
EMSERH;CENTRO DE SAUDE GENESIO REGO;Coordenador de Enfermagem;1
EMSERH;CENTRO DE SAUDE GENESIO REGO;Coordenador da Fármacia;1
EMSERH;CENTRO DE SAUDE GENESIO REGO;Diretor Administrativo;1
EMSERH;CENTRO DE SAUDE GENESIO REGO;Diretor Geral;1
EMSERH;CENTRO DE SAUDE GENESIO REGO;Diretor Técnico;1
EMSERH;CENTRO DE SAUDE GENESIO REGO;Encarregado de Almoxarifado;1
EMSERH;CENTRO DE SAUDE GENESIO REGO;Encarregado do Arquivo;1
EMSERH;CENTRO DE SAUDE GENESIO REGO;Encarregado de Atendimento;1
EMSERH;CENTRO DE SAUDE GENESIO REGO;Fisioterapeuta Especialista em Urogenicologia;1
EMSERH;CENTRO DE SAUDE GENESIO REGO;Médico Ginecologista e Obstetra;2
EMSERH;CENTRO DE SAUDE GENESIO REGO;Médico Clinico;1
EMSERH;CENTRO DE SAUDE GENESIO REGO;Supervisor de Administrativo;4
EMSERH;CENTRO DE SAUDE GENESIO REGO;Supervisor de Ambulatorio;1
EMSERH;CENTRO DE SAUDE GENESIO REGO;Supervisor de Fisioterapia;1
EMSERH;CENTRO DE SAUDE GENESIO REGO;Terapeuta Ocupacional;1
IADVH;HOSPITAL GENESIO REGO (INTERNAÇÃO);Agente de Portaira;4
IADVH;HOSPITAL GENESIO REGO (INTERNAÇÃO);Atendente de Consultório;7
IADVH;HOSPITAL GENESIO REGO (INTERNAÇÃO);Auxiliar de Farmacia;7
IADVH;HOSPITAL GENESIO REGO (INTERNAÇÃO);Auxiliar de Manutenção;1
IADVH;HOSPITAL GENESIO REGO (INTERNAÇÃO);Auxiliar de Hotelaria;4
IADVH;HOSPITAL GENESIO REGO (INTERNAÇÃO);Assistente Social;5
IADVH;HOSPITAL GENESIO REGO (INTERNAÇÃO);Assistente Administrativo;9
IADVH;HOSPITAL GENESIO REGO (INTERNAÇÃO);Enfermeiro;44
IADVH;HOSPITAL GENESIO REGO (INTERNAÇÃO);Farmaceutico;5
IADVH;HOSPITAL GENESIO REGO (INTERNAÇÃO);Fisioterapeuta;18
IADVH;HOSPITAL GENESIO REGO (INTERNAÇÃO);Fonodiologo;2
IADVH;HOSPITAL GENESIO REGO (INTERNAÇÃO);Motorista cat B e D;4
IADVH;HOSPITAL GENESIO REGO (INTERNAÇÃO);Maqueiro;10
IADVH;HOSPITAL GENESIO REGO (INTERNAÇÃO);Psicologo;2
IADVH;HOSPITAL GENESIO REGO (INTERNAÇÃO);Recepcionista;4
IADVH;HOSPITAL GENESIO REGO (INTERNAÇÃO);Tecnico de Informática;1
IADVH;HOSPITAL GENESIO REGO (INTERNAÇÃO);Tecnico em Enfermagem;105
IADVH;HOSPITAL GENESIO REGO (INTERNAÇÃO);Telefonista;1
IADVH;HOSPITAL GENESIO REGO (INTERNAÇÃO);Terapeuta Ocupacional;3
IADVH;CENTRO DE SAUDE GENESIO REGO;Agente de Portaira;4
IADVH;CENTRO DE SAUDE GENESIO REGO;Auxiliar de Farmacia;1
IADVH;CENTRO DE SAUDE GENESIO REGO;Auxiliar de Manutenção;1
IADVH;CENTRO DE SAUDE GENESIO REGO;Auxiliar de Hotelaria;4
IADVH;CENTRO DE SAUDE GENESIO REGO;Assistente Social;1
IADVH;CENTRO DE SAUDE GENESIO REGO;Assistente Administrativo;8
IADVH;CENTRO DE SAUDE GENESIO REGO;Enfermeiro;4
IADVH;CENTRO DE SAUDE GENESIO REGO;Fisioterapeuta;2
IADVH;CENTRO DE SAUDE GENESIO REGO;Motorista cat B e D;1
IADVH;CENTRO DE SAUDE GENESIO REGO;Nutricionista;1
IADVH;CENTRO DE SAUDE GENESIO REGO;Psicologo;1
IADVH;CENTRO DE SAUDE GENESIO REGO;Recepcionista;3
IADVH;CENTRO DE SAUDE GENESIO REGO;Sapateiro;1
IADVH;CENTRO DE SAUDE GENESIO REGO;Tecnico em Enfermagem;7
IADVH;CENTRO DE SAUDE GENESIO REGO;Tecnico em Segurança do Trabalho;1
IADVH;CENTRO DE SAUDE GENESIO REGO;Telefonista;1
IADVH;CENTRO DE SAUDE GENESIO REGO;Terapeuta Ocupacional;1
EMSERH;HOSPITAL GERAL DE GRAJAU;Agente de Portaria ;1
EMSERH;HOSPITAL GERAL DE GRAJAU;Auxiliar Operacional de Serviços Gerais ;2
EMSERH;HOSPITAL GERAL DE GRAJAU;Coordenador de Farmácia;1
EMSERH;HOSPITAL GERAL DE GRAJAU;Coordenador Geral de Enfermagem;1
EMSERH;HOSPITAL GERAL DE GRAJAU;Diretor Administrativo;1
EMSERH;HOSPITAL GERAL DE GRAJAU;Diretor Técnico;1
EMSERH;HOSPITAL GERAL DE GRAJAU;Encarregado de Manutenção;1
EMSERH;HOSPITAL GERAL DE GRAJAU;Encarregado Almoxarifado;1
EMSERH;HOSPITAL GERAL DE GRAJAU;Encarregado de Faturamento;1
EMSERH;HOSPITAL GERAL DE GRAJAU;Enfermeiro ;6
EMSERH;HOSPITAL GERAL DE GRAJAU;Enfermeiro Especialista em Urgência e Emergência ;2
EMSERH;HOSPITAL GERAL DE GRAJAU;Farmacêuticos ;1
EMSERH;HOSPITAL GERAL DE GRAJAU;Fisioterapeuta;1
EMSERH;HOSPITAL GERAL DE GRAJAU;Maqueiros;2
EMSERH;HOSPITAL GERAL DE GRAJAU;Motorista Categoria D;1
EMSERH;HOSPITAL GERAL DE GRAJAU;Recepcionistas;1
EMSERH;HOSPITAL GERAL DE GRAJAU;Secretário;1
EMSERH;HOSPITAL GERAL DE GRAJAU;Supervisor de Enfermagem ;3
EMSERH;HOSPITAL GERAL DE GRAJAU;Supervisores Administrativos ;5
EMSERH;HOSPITAL GERAL DE GRAJAU;Supervisor de Recursos Humanos;1
EMSERH;HOSPITAL GERAL DE GRAJAU;Técnico em Segurança do Trabalho;1
EMSERH;HOSPITAL GERAL DE GRAJAU;Tecnicos de Enfermagem;17
EMSERH;HOSPITAL GERAL DE GRAJAU;Técnicos em Imobilização Ortopédica;4
EMSERH;HOSPITAL GERAL DE GRAJAU;Técnicos em Radiologia;1
IADVH;HOSPITAL GERAL DE GRAJAU;Assistente Social;3
IADVH;HOSPITAL GERAL DE GRAJAU;Assistente Administrativo;13
IADVH;HOSPITAL GERAL DE GRAJAU;Auxiliar de Farmacia;8
IADVH;HOSPITAL GERAL DE GRAJAU;Técnico de Manutenção Predial;1
IADVH;HOSPITAL GERAL DE GRAJAU;Enfermeiro;13
IADVH;HOSPITAL GERAL DE GRAJAU;Fisoterapeuta;2
IADVH;HOSPITAL GERAL DE GRAJAU;Maqueiro ;8
IADVH;HOSPITAL GERAL DE GRAJAU;Motorista Cat. B e D;5
IADVH;HOSPITAL GERAL DE GRAJAU;Nutricionista;1
IADVH;HOSPITAL GERAL DE GRAJAU;Agente de Portaria;9
IADVH;HOSPITAL GERAL DE GRAJAU;Recepcionista;10
IADVH;HOSPITAL GERAL DE GRAJAU;Tecnico em Gesso;1
IADVH;HOSPITAL GERAL DE GRAJAU;Tecnico em administração;1
IADVH;HOSPITAL GERAL DE GRAJAU;Tecnico em Enfermagem;87
IADVH;HOSPITAL GERAL DE GRAJAU;Tecnico em Radiologia;7
EMSERH;HOSPITAL DE CUIDADOS INTENSIVOS_HCI;Coordenador de Enfermagem;1
EMSERH;HOSPITAL DE CUIDADOS INTENSIVOS_HCI;Coordenador da Fármacia;1
EMSERH;HOSPITAL DE CUIDADOS INTENSIVOS_HCI;Coordenador Multi;1
EMSERH;HOSPITAL DE CUIDADOS INTENSIVOS_HCI;Diretor Geral;1
EMSERH;HOSPITAL DE CUIDADOS INTENSIVOS_HCI;Diretor Técnico;1
EMSERH;HOSPITAL DE CUIDADOS INTENSIVOS_HCI;Supervisor de Administrativo;4
EMSERH;HOSPITAL DE CUIDADOS INTENSIVOS_HCI;Supervisor de Faturamento;1
EMSERH;HOSPITAL DE CUIDADOS INTENSIVOS_HCI;Supervisora de Enfermagem;6
EMSERH;HOSPITAL DE CUIDADOS INTENSIVOS_HCI;Supervisora de CCIH;1
EMSERH;HOSPITAL DE CUIDADOS INTENSIVOS_HCI;Supervisora do NIR;1
EMSERH;HOSPITAL DE CUIDADOS INTENSIVOS_HCI;Supervisor de Fisioterapia;2
EMSERH;HOSPITAL DE CUIDADOS INTENSIVOS_HCI;Supervisor de Manutenção;1
EMSERH;HOSPITAL DE CUIDADOS INTENSIVOS_HCI;Supervisor de Recurso Humano;1
IADVH;HOSPITAL DE CUIDADOS INTENSIVOS_HCI;Auxiliar de Farmacia;18
IADVH;HOSPITAL DE CUIDADOS INTENSIVOS_HCI;Auxiliar de Manutenção;3
IADVH;HOSPITAL DE CUIDADOS INTENSIVOS_HCI;Auxiliar de Hotelaria;18
IADVH;HOSPITAL DE CUIDADOS INTENSIVOS_HCI;Assistente Social;18
IADVH;HOSPITAL DE CUIDADOS INTENSIVOS_HCI;Assistente Administrativo;32
IADVH;HOSPITAL DE CUIDADOS INTENSIVOS_HCI;Bioquimico / Biomédico;5
IADVH;HOSPITAL DE CUIDADOS INTENSIVOS_HCI;Enfermeiro;171
IADVH;HOSPITAL DE CUIDADOS INTENSIVOS_HCI;Enfermeiro NEP_Nucleo de Educação Permanente;1
IADVH;HOSPITAL DE CUIDADOS INTENSIVOS_HCI;Enfermeiro NSP_Nuclio de Segurança do Paciente;1
IADVH;HOSPITAL DE CUIDADOS INTENSIVOS_HCI;Farmaceutico;15
IADVH;HOSPITAL DE CUIDADOS INTENSIVOS_HCI;Fisioterapeuta Especialista em Terapia Intensiva;71
IADVH;HOSPITAL DE CUIDADOS INTENSIVOS_HCI;Fonaudiologo;6
IADVH;HOSPITAL DE CUIDADOS INTENSIVOS_HCI;Maqueiro;29
IADVH;HOSPITAL DE CUIDADOS INTENSIVOS_HCI;Motorista cat B e D;4
IADVH;HOSPITAL DE CUIDADOS INTENSIVOS_HCI;Nutricionista;11
IADVH;HOSPITAL DE CUIDADOS INTENSIVOS_HCI;Psicologo;10
IADVH;HOSPITAL DE CUIDADOS INTENSIVOS_HCI;Recepcionista;18
IADVH;HOSPITAL DE CUIDADOS INTENSIVOS_HCI;Secretaria;1
IADVH;HOSPITAL DE CUIDADOS INTENSIVOS_HCI;Tecnico Informatica;2
IADVH;HOSPITAL DE CUIDADOS INTENSIVOS_HCI;Tecnico de Laboratorio;11
IADVH;HOSPITAL DE CUIDADOS INTENSIVOS_HCI;Tecnico em Enfermagem;303
IADVH;HOSPITAL DE CUIDADOS INTENSIVOS_HCI;Terapeuta Ocupacional;6
IADVH;HOSPITAL DE CUIDADOS INTENSIVOS_HCI;Tecnico em Segurança do Trabalho;3
EMSERH;HOSP DE CANCER DR. TARQUINIO LOPES FILHO;Agente de Portaria ;2
EMSERH;HOSP DE CANCER DR. TARQUINIO LOPES FILHO;Aprendiz;7
EMSERH;HOSP DE CANCER DR. TARQUINIO LOPES FILHO;Assistente Social;2
EMSERH;HOSP DE CANCER DR. TARQUINIO LOPES FILHO;Auxiliar Administrativo;11
EMSERH;HOSP DE CANCER DR. TARQUINIO LOPES FILHO;Auxiliar de Farmácia;1
EMSERH;HOSP DE CANCER DR. TARQUINIO LOPES FILHO;Auxiliar Operacional de Serviços Gerais;6
EMSERH;HOSP DE CANCER DR. TARQUINIO LOPES FILHO;Bioquímico;2
EMSERH;HOSP DE CANCER DR. TARQUINIO LOPES FILHO;Coordenação de Enfermagem ;8
EMSERH;HOSP DE CANCER DR. TARQUINIO LOPES FILHO;Coordenador de Almoxarifado;1
EMSERH;HOSP DE CANCER DR. TARQUINIO LOPES FILHO;Coordenador de auditoria e  faturametno ;1
EMSERH;HOSP DE CANCER DR. TARQUINIO LOPES FILHO;Coordenador  de Qualidade ;1
EMSERH;HOSP DE CANCER DR. TARQUINIO LOPES FILHO;Coordenador de Projeto;1
EMSERH;HOSP DE CANCER DR. TARQUINIO LOPES FILHO;Coordenador Administrativo ;1
EMSERH;HOSP DE CANCER DR. TARQUINIO LOPES FILHO;Coordenador da Equipe Multidisciplinar ;1
EMSERH;HOSP DE CANCER DR. TARQUINIO LOPES FILHO;Coordenador da Farmácia;2
EMSERH;HOSP DE CANCER DR. TARQUINIO LOPES FILHO;Coordenador de Nutrição;1
EMSERH;HOSP DE CANCER DR. TARQUINIO LOPES FILHO;Coordenador de Fonoaudiologia ;1
EMSERH;HOSP DE CANCER DR. TARQUINIO LOPES FILHO;Coordenador de Internação;1
EMSERH;HOSP DE CANCER DR. TARQUINIO LOPES FILHO;Coordenador de Psicologia;1
EMSERH;HOSP DE CANCER DR. TARQUINIO LOPES FILHO;Coordenador de Radiologia;1
EMSERH;HOSP DE CANCER DR. TARQUINIO LOPES FILHO;Coordenador de Registro Hospitalar;1
EMSERH;HOSP DE CANCER DR. TARQUINIO LOPES FILHO;Coordenador de Terapia ocupacional;1
EMSERH;HOSP DE CANCER DR. TARQUINIO LOPES FILHO;Coordenador de Transporte;1
EMSERH;HOSP DE CANCER DR. TARQUINIO LOPES FILHO;Coordenador de CCIH;1
EMSERH;HOSP DE CANCER DR. TARQUINIO LOPES FILHO;Coordenador de Agencia Transfusional;1
EMSERH;HOSP DE CANCER DR. TARQUINIO LOPES FILHO;Coordenador da Comissão de Curativo;1
EMSERH;HOSP DE CANCER DR. TARQUINIO LOPES FILHO;Coordenador de Higienização;1
EMSERH;HOSP DE CANCER DR. TARQUINIO LOPES FILHO;Coordenador de Ambulatorio;1
EMSERH;HOSP DE CANCER DR. TARQUINIO LOPES FILHO;Coordenador de Serviço Social;1
EMSERH;HOSP DE CANCER DR. TARQUINIO LOPES FILHO;Coordenador de Tecnologia de Informática ;1
EMSERH;HOSP DE CANCER DR. TARQUINIO LOPES FILHO;Coordenador de RH;1
EMSERH;HOSP DE CANCER DR. TARQUINIO LOPES FILHO;Coordenador de Nefrologia;1
EMSERH;HOSP DE CANCER DR. TARQUINIO LOPES FILHO;Diretor Técnico;1
EMSERH;HOSP DE CANCER DR. TARQUINIO LOPES FILHO;Diretora Administrativo;1
EMSERH;HOSP DE CANCER DR. TARQUINIO LOPES FILHO;Encarregado da Higienização Hospitalar ;2
EMSERH;HOSP DE CANCER DR. TARQUINIO LOPES FILHO;Encarregado de Hotelaria;1
EMSERH;HOSP DE CANCER DR. TARQUINIO LOPES FILHO;Encarregado da Portaria  ;2
EMSERH;HOSP DE CANCER DR. TARQUINIO LOPES FILHO;Encarregado de Tecnologia de Informática ;1
EMSERH;HOSP DE CANCER DR. TARQUINIO LOPES FILHO;Encarregado do Almoxarifado ;1
EMSERH;HOSP DE CANCER DR. TARQUINIO LOPES FILHO;Encarregado do Arquivo ;1
EMSERH;HOSP DE CANCER DR. TARQUINIO LOPES FILHO;Encarregado dos Maqueiros;1
EMSERH;HOSP DE CANCER DR. TARQUINIO LOPES FILHO;Enfermeiro;9
EMSERH;HOSP DE CANCER DR. TARQUINIO LOPES FILHO;Enfermeiro Especialista em Terapia Intensiva ;11
EMSERH;HOSP DE CANCER DR. TARQUINIO LOPES FILHO;Enfermeiro Especilaista em Nefrologia ;3
EMSERH;HOSP DE CANCER DR. TARQUINIO LOPES FILHO;Farmacêutico;5
EMSERH;HOSP DE CANCER DR. TARQUINIO LOPES FILHO;Fisioterapeuta;2
EMSERH;HOSP DE CANCER DR. TARQUINIO LOPES FILHO;Fisioterapeuta Especialista em Terapia Intensiva ;2
EMSERH;HOSP DE CANCER DR. TARQUINIO LOPES FILHO;Fonoaudiólogo;1
EMSERH;HOSP DE CANCER DR. TARQUINIO LOPES FILHO;Gerente Geral de Enfermagem;1
EMSERH;HOSP DE CANCER DR. TARQUINIO LOPES FILHO;Gerente de Recursos Humanos;1
EMSERH;HOSP DE CANCER DR. TARQUINIO LOPES FILHO;Nutricionista;4
EMSERH;HOSP DE CANCER DR. TARQUINIO LOPES FILHO;Psicólogo;3
EMSERH;HOSP DE CANCER DR. TARQUINIO LOPES FILHO;Recepcionista;29
EMSERH;HOSP DE CANCER DR. TARQUINIO LOPES FILHO;Secretária ;1
EMSERH;HOSP DE CANCER DR. TARQUINIO LOPES FILHO;Supervisor  do Serviço Social ;1
EMSERH;HOSP DE CANCER DR. TARQUINIO LOPES FILHO;Supervisor Administrativo;5
EMSERH;HOSP DE CANCER DR. TARQUINIO LOPES FILHO;Supervisor da Agência Transfusional ;1
EMSERH;HOSP DE CANCER DR. TARQUINIO LOPES FILHO;Supervisor de Atendimento ;1
EMSERH;HOSP DE CANCER DR. TARQUINIO LOPES FILHO;Supervisor de Arquivo;1
EMSERH;HOSP DE CANCER DR. TARQUINIO LOPES FILHO;Supervisor de Tecnologia de Informática ;1
EMSERH;HOSP DE CANCER DR. TARQUINIO LOPES FILHO;Supervisor do Núcleo de Seg. do Paciente;1
EMSERH;HOSP DE CANCER DR. TARQUINIO LOPES FILHO;Supervisor de Enfermagem ;7
EMSERH;HOSP DE CANCER DR. TARQUINIO LOPES FILHO;Supervisor de Faturamento;1
EMSERH;HOSP DE CANCER DR. TARQUINIO LOPES FILHO;Supervisor de Recursos Humanos ;1
EMSERH;HOSP DE CANCER DR. TARQUINIO LOPES FILHO;Supervisor do Registro Hospitalar de Câncer ;1
EMSERH;HOSP DE CANCER DR. TARQUINIO LOPES FILHO;Técnico de Nível Superior ;1
EMSERH;HOSP DE CANCER DR. TARQUINIO LOPES FILHO;Técnico em Enfermagem;40
EMSERH;HOSP DE CANCER DR. TARQUINIO LOPES FILHO;Técnico em Enfermagem com graduação;4
EMSERH;HOSP DE CANCER DR. TARQUINIO LOPES FILHO;Técnico em Informática;1
EMSERH;HOSP DE CANCER DR. TARQUINIO LOPES FILHO;Técnico em Laboratório ;4
EMSERH;HOSP DE CANCER DR. TARQUINIO LOPES FILHO;Técnico em Radiologia ;3
EMSERH;HOSP DE CANCER DR. TARQUINIO LOPES FILHO;Técnico em Segurança do Trabalho;1
EMSERH;HOSP DE CANCER DR. TARQUINIO LOPES FILHO;Terapeuta Ocupacional;4
IADVH;HOSP DE CANCER DR. TARQUINIO LOPES FILHO;Agente de Portaria;30
IADVH;HOSP DE CANCER DR. TARQUINIO LOPES FILHO;Assistente Administrativo;58
IADVH;HOSP DE CANCER DR. TARQUINIO LOPES FILHO;Assistente Social;9
IADVH;HOSP DE CANCER DR. TARQUINIO LOPES FILHO;Atendente de Consultorio;11
IADVH;HOSP DE CANCER DR. TARQUINIO LOPES FILHO;Auxiliar de Cozinha;1
IADVH;HOSP DE CANCER DR. TARQUINIO LOPES FILHO;Auxiliar de Farmacia;19
IADVH;HOSP DE CANCER DR. TARQUINIO LOPES FILHO;Auxiliar de Hotelaria;39
IADVH;HOSP DE CANCER DR. TARQUINIO LOPES FILHO;Copeiro;1
IADVH;HOSP DE CANCER DR. TARQUINIO LOPES FILHO;Costureira;2
IADVH;HOSP DE CANCER DR. TARQUINIO LOPES FILHO;Digitador;4
IADVH;HOSP DE CANCER DR. TARQUINIO LOPES FILHO;Enfermeiro;94
IADVH;HOSP DE CANCER DR. TARQUINIO LOPES FILHO;Farmaceutico;8
IADVH;HOSP DE CANCER DR. TARQUINIO LOPES FILHO;Fisioterapeuta;21
IADVH;HOSP DE CANCER DR. TARQUINIO LOPES FILHO;Fonoaudiologo;3
IADVH;HOSP DE CANCER DR. TARQUINIO LOPES FILHO;Maqueiro;26
IADVH;HOSP DE CANCER DR. TARQUINIO LOPES FILHO;Motorista categoria B e D;7
IADVH;HOSP DE CANCER DR. TARQUINIO LOPES FILHO;Nutricionista;9
IADVH;HOSP DE CANCER DR. TARQUINIO LOPES FILHO;Psicologo;5
IADVH;HOSP DE CANCER DR. TARQUINIO LOPES FILHO;Regente;1
IADVH;HOSP DE CANCER DR. TARQUINIO LOPES FILHO;Secretario;6
IADVH;HOSP DE CANCER DR. TARQUINIO LOPES FILHO;Técnico em Manutenção Predial;7
IADVH;HOSP DE CANCER DR. TARQUINIO LOPES FILHO;Técnico em Adminstração;9
IADVH;HOSP DE CANCER DR. TARQUINIO LOPES FILHO;Tecnico em Enfermagem;236
IADVH;HOSP DE CANCER DR. TARQUINIO LOPES FILHO;Tecnico em Informatica;1
IADVH;HOSP DE CANCER DR. TARQUINIO LOPES FILHO;Tecnico em Laboratorio;2
IADVH;HOSP DE CANCER DR. TARQUINIO LOPES FILHO;Tecnico em Nutrição;1
IADVH;HOSP DE CANCER DR. TARQUINIO LOPES FILHO;Tecnico em Radiologia;17
IADVH;HOSP DE CANCER DR. TARQUINIO LOPES FILHO;Telefonista;4
IADVH;HOSP DE CANCER DR. TARQUINIO LOPES FILHO;Terapeuta Ocupacional;5
EMSERH;HOSPITAL REGIONAL DE CHAPADINHA;Agente de Portaria ;7
EMSERH;HOSPITAL REGIONAL DE CHAPADINHA;Assistente Social ;1
EMSERH;HOSPITAL REGIONAL DE CHAPADINHA;Auxiliar de Hotelaria;3
EMSERH;HOSPITAL REGIONAL DE CHAPADINHA;Auxilliar Administrativo  - NIR;4
EMSERH;HOSPITAL REGIONAL DE CHAPADINHA;Auxilliar Administrativo ;8
EMSERH;HOSPITAL REGIONAL DE CHAPADINHA;Auxliar de Farmácia ;4
EMSERH;HOSPITAL REGIONAL DE CHAPADINHA;Bioquímico ou Biomédico  ;1
EMSERH;HOSPITAL REGIONAL DE CHAPADINHA;Coordenador de Enfermagem;1
EMSERH;HOSPITAL REGIONAL DE CHAPADINHA;Coordenador de Fármacia;1
EMSERH;HOSPITAL REGIONAL DE CHAPADINHA;Diretor Clinico;1
EMSERH;HOSPITAL REGIONAL DE CHAPADINHA;Diretor Geral;1
EMSERH;HOSPITAL REGIONAL DE CHAPADINHA;Encarregado de Atendimento;1
EMSERH;HOSPITAL REGIONAL DE CHAPADINHA;Encarregado de Hotelaria;1
EMSERH;HOSPITAL REGIONAL DE CHAPADINHA;Encarregado de Informática;1
EMSERH;HOSPITAL REGIONAL DE CHAPADINHA;Encarregado de Faturamento ;1
EMSERH;HOSPITAL REGIONAL DE CHAPADINHA;Enfermeiro;13
EMSERH;HOSPITAL REGIONAL DE CHAPADINHA;Enfermeiro NEP/NSP;1
EMSERH;HOSPITAL REGIONAL DE CHAPADINHA;Farmacêutico;4
EMSERH;HOSPITAL REGIONAL DE CHAPADINHA;Fisioterapeuta;4
EMSERH;HOSPITAL REGIONAL DE CHAPADINHA;Fonoaudiologo;1
EMSERH;HOSPITAL REGIONAL DE CHAPADINHA;Maqueiro;4
EMSERH;HOSPITAL REGIONAL DE CHAPADINHA;Motorista Categoria B;1
EMSERH;HOSPITAL REGIONAL DE CHAPADINHA;Nutricionista ;2
EMSERH;HOSPITAL REGIONAL DE CHAPADINHA;Psicologo;2
EMSERH;HOSPITAL REGIONAL DE CHAPADINHA;Secretária ;1
EMSERH;HOSPITAL REGIONAL DE CHAPADINHA;Supervisor Administrativo ;4
EMSERH;HOSPITAL REGIONAL DE CHAPADINHA;Supervisor de Enfermagem da Internação;1
EMSERH;HOSPITAL REGIONAL DE CHAPADINHA;Supervisor de Enfermagem CCIH/NHE;1
EMSERH;HOSPITAL REGIONAL DE CHAPADINHA;Supervisor de Enfermagem Especialista em Centro  Cirúrgico ;1
EMSERH;HOSPITAL REGIONAL DE CHAPADINHA;Supervisor de Enfermagem Especialista em Terapia Intensiva;1
EMSERH;HOSPITAL REGIONAL DE CHAPADINHA;Supervisor do Núcleo Interno de Regulação - NIR;1
EMSERH;HOSPITAL REGIONAL DE CHAPADINHA;Supervisor de Recursos Humanos;1
EMSERH;HOSPITAL REGIONAL DE CHAPADINHA;Técnico de Laboratório;5
EMSERH;HOSPITAL REGIONAL DE CHAPADINHA;Técnico em Enfermagem;69
EMSERH;HOSPITAL REGIONAL DE CHAPADINHA;Auxiliar em Manutenção Predial;1
EMSERH;HOSPITAL REGIONAL DE CHAPADINHA;Técnicos em Imobilização Ortopédica;2
IADVH;HOSPITAL REGIONAL DE CHAPADINHA;Agente de Portaria;1
IADVH;HOSPITAL REGIONAL DE CHAPADINHA;Assistente Administrativo;1
IADVH;HOSPITAL REGIONAL DE CHAPADINHA;Assistente Social;2
IADVH;HOSPITAL REGIONAL DE CHAPADINHA;Auxiliar de Farmacia;4
IADVH;HOSPITAL REGIONAL DE CHAPADINHA;Auxiliar de Hotelaria;2
IADVH;HOSPITAL REGIONAL DE CHAPADINHA;Enfermeiro;18
IADVH;HOSPITAL REGIONAL DE CHAPADINHA;Farmaceutico;1
IADVH;HOSPITAL REGIONAL DE CHAPADINHA;Fisioterapeuta;5
IADVH;HOSPITAL REGIONAL DE CHAPADINHA;Maqueiro;4
IADVH;HOSPITAL REGIONAL DE CHAPADINHA;recepcionista;6
IADVH;HOSPITAL REGIONAL DE CHAPADINHA;Tecnico de Segurança de Trabalho;1
IADVH;HOSPITAL REGIONAL DE CHAPADINHA;Tecnico de Enfermagem;42
EMSERH;HOSPITAL DE PEDREIRAS;Coordenador de Enfermagem;1
EMSERH;HOSPITAL DE PEDREIRAS;Coordenador de Farmacia;1
EMSERH;HOSPITAL DE PEDREIRAS;Diretor Administrativo;1
EMSERH;HOSPITAL DE PEDREIRAS;Diretor Clinico;1
EMSERH;HOSPITAL DE PEDREIRAS;Encarregado de Faturamento;1
EMSERH;HOSPITAL DE PEDREIRAS;Encarregado de Manutenção;1
EMSERH;HOSPITAL DE PEDREIRAS;Encarregado de Hotelaria;1
EMSERH;HOSPITAL DE PEDREIRAS;Supervisor de RH;1
EMSERH;HOSPITAL DE PEDREIRAS;Supervisor administrativo;4
EMSERH;HOSPITAL DE PEDREIRAS;Supervisor de Fioterapia;1
EMSERH;HOSPITAL DE PEDREIRAS;Supervisor de Enfermagem;2
IADVH;HOSPITAL DE PEDREIRAS;Agente de Portaria;4
IADVH;HOSPITAL DE PEDREIRAS;Auxiliar de Farmacia;8
IADVH;HOSPITAL DE PEDREIRAS;Auxiliar de Hotelaria;10
IADVH;HOSPITAL DE PEDREIRAS;Auxiliar Manutenção;1
IADVH;HOSPITAL DE PEDREIRAS;Assistente Social;6
IADVH;HOSPITAL DE PEDREIRAS;Assistente Administrativo;3
IADVH;HOSPITAL DE PEDREIRAS;Enfermeiro;37
IADVH;HOSPITAL DE PEDREIRAS;Enfermeiro CCIH;1
IADVH;HOSPITAL DE PEDREIRAS;Farmaceutico;5
IADVH;HOSPITAL DE PEDREIRAS;Fisioterapeuta;12
IADVH;HOSPITAL DE PEDREIRAS;Fonoaudiologo;1
IADVH;HOSPITAL DE PEDREIRAS;Psicologo;3
IADVH;HOSPITAL DE PEDREIRAS;Maqueiro;10
IADVH;HOSPITAL DE PEDREIRAS;Nutricionista;3
IADVH;HOSPITAL DE PEDREIRAS;Recepcionista;10
IADVH;HOSPITAL DE PEDREIRAS;Tecnico em Enfermagem;70
IADVH;HOSPITAL DE PEDREIRAS;Técnico de Segurança do Trabalho;1
EMSERH;HEMOMAR;Assistente Administrativo;5
EMSERH;HEMOMAR;Auxiliar Administrativo;10
EMSERH;HEMOMAR;Auxiliar de Serviços Gerais;5
EMSERH;HEMOMAR;Auxiliar de Manutenção Predial;1
EMSERH;HEMOMAR;Atendente de Consultório Médico ou Dentário;2
EMSERH;HEMOMAR;Assistente Social;1
EMSERH;HEMOMAR;Biomédico;8
EMSERH;HEMOMAR;Coordenador de Recursos Humanos;1
EMSERH;HEMOMAR;Coordenador de Enfermagem;1
EMSERH;HEMOMAR;Diretor Geral;1
EMSERH;HEMOMAR;Diretor Administrativo;1
EMSERH;HEMOMAR;Diretor Técnico;1
EMSERH;HEMOMAR;Enfermeiro;17
EMSERH;HEMOMAR;Farmacêutico;3
EMSERH;HEMOMAR;Farmacêutico Bioquímico;13
EMSERH;HEMOMAR;Motorista;1
EMSERH;HEMOMAR;Motorista de Ambulancia;3
EMSERH;HEMOMAR;Nutricionista;1
EMSERH;HEMOMAR;Odontólogo;2
EMSERH;HEMOMAR;Psicólogo;1
EMSERH;HEMOMAR;Recepcionista;4
EMSERH;HEMOMAR;Técnico de Enfermagem;21
EMSERH;HEMOMAR;Técnico de Enfermagem com graduação;3
EMSERH;HEMOMAR;Técnico de Laboratório;37
EMSERH;HEMOMAR;Técnico em Segurança do Trabalho;1
EMSERH;HEMOMAR;Técnico em Informática;2
EMSERH;HEMONUCLEO BACABAL;Agente de Portaria;3
EMSERH;HEMONUCLEO BACABAL;Auxiliar Administrativo;1
EMSERH;HEMONUCLEO BACABAL;Auxiliar de Serviços Gerais;1
EMSERH;HEMONUCLEO BACABAL;Farmaceutico;2
EMSERH;HEMONUCLEO BACABAL;Técnico de laboratório;3
EMSERH;HEMONUCLEO DE BALSAS;Assistente Social;2
EMSERH;HEMONUCLEO DE BALSAS;Agente de Portaria;2
EMSERH;HEMONUCLEO DE BALSAS;Assistente Administrativo;4
EMSERH;HEMONUCLEO DE BALSAS;Auxiliar de Serviços Gerais;3
EMSERH;HEMONUCLEO DE BALSAS;Coordenador Administrativo;1
EMSERH;HEMONUCLEO DE BALSAS;Copeira;2
EMSERH;HEMONUCLEO DE BALSAS;Enfermeiro;4
EMSERH;HEMONUCLEO DE BALSAS;Farmacêutico;5
EMSERH;HEMONUCLEO DE BALSAS;Motorista;3
EMSERH;HEMONUCLEO DE BALSAS;Medica;1
EMSERH;HEMONUCLEO DE BALSAS;Nutricuinista;1
EMSERH;HEMONUCLEO DE BALSAS;Recepcionista;2
EMSERH;HEMONUCLEO DE BALSAS;Técnico de Informática;1
EMSERH;HEMONUCLEO DE BALSAS;Técnico em Laboratório;12
EMSERH;HEMONUCLEO DE BALSAS;Técnicos em Enfermagem;6
EMSERH;HEMONUCLEO DE BARRA DO CORDA;Agente de Portaria;3
EMSERH;HEMONUCLEO DE BARRA DO CORDA;Auxiliar Administrativo;1
EMSERH;HEMONUCLEO DE BARRA DO CORDA;Auxiliar de Serviços Gerais;1
EMSERH;HEMONUCLEO DE BARRA DO CORDA;Farmaceutico;2
EMSERH;HEMONUCLEO DE BARRA DO CORDA;Técnico de laboratório;3
EMSERH;HEMONUCLEO DE CAXIAS;Assistente Social;2
EMSERH;HEMONUCLEO DE CAXIAS;Agente de Portaria;2
EMSERH;HEMONUCLEO DE CAXIAS;Assistente Administrativo;4
EMSERH;HEMONUCLEO DE CAXIAS;Auxiliar de Serviços Gerais;3
EMSERH;HEMONUCLEO DE CAXIAS;Coordenador Administrativo;1
EMSERH;HEMONUCLEO DE CAXIAS;Copeira;2
EMSERH;HEMONUCLEO DE CAXIAS;Enfermeiro;4
EMSERH;HEMONUCLEO DE CAXIAS;Farmacêutico;5
EMSERH;HEMONUCLEO DE CAXIAS;Motorista;3
EMSERH;HEMONUCLEO DE CAXIAS;Nutricuinista;1
EMSERH;HEMONUCLEO DE CAXIAS;Recepcionista;2
EMSERH;HEMONUCLEO DE CAXIAS;Técnico de Informática;1
EMSERH;HEMONUCLEO DE CAXIAS;Técnico em Laboratório;12
EMSERH;HEMONUCLEO DE CAXIAS;Técnicos em Enfermagem;6
EMSERH;HEMONUCLEO DE CODO;Assistente Social;2
EMSERH;HEMONUCLEO DE CODO;Agente de Portaria;2
EMSERH;HEMONUCLEO DE CODO;Assistente Administrativo;4
EMSERH;HEMONUCLEO DE CODO;Auxiliar de Serviços Gerais;3
EMSERH;HEMONUCLEO DE CODO;Coordenador Administrativo;1
EMSERH;HEMONUCLEO DE CODO;Copeira;2
EMSERH;HEMONUCLEO DE CODO;Enfermeiro;4
EMSERH;HEMONUCLEO DE CODO;Farmacêutico;5
EMSERH;HEMONUCLEO DE CODO;Motorista;3
EMSERH;HEMONUCLEO DE CODO;Nutricuinista;1
EMSERH;HEMONUCLEO DE CODO;Recepcionista;2
EMSERH;HEMONUCLEO DE CODO;Técnico de Informática;1
EMSERH;HEMONUCLEO DE CODO;Técnico em Laboratório;12
EMSERH;HEMONUCLEO DE CODO;Técnicos em Enfermagem;6
EMSERH;HEMONÚCLEO DE COLINAS;Agente de Portaria;3
EMSERH;HEMONÚCLEO DE COLINAS;Auxiliar Administrativo;1
EMSERH;HEMONÚCLEO DE COLINAS;Auxiliar de Serviços Gerais;1
EMSERH;HEMONÚCLEO DE COLINAS;Farmaceutico;2
EMSERH;HEMONÚCLEO DE COLINAS;Técnico de laboratório;3
EMSERH;HEMONUCLEO DE IMPERATRIZ;Assistente Social;2
EMSERH;HEMONUCLEO DE IMPERATRIZ;Agente de Portaria;2
EMSERH;HEMONUCLEO DE IMPERATRIZ;Assistente Administrativo;4
EMSERH;HEMONUCLEO DE IMPERATRIZ;Auxiliar de Serviços Gerais;3
EMSERH;HEMONUCLEO DE IMPERATRIZ;Coordenador Administrativo;1
EMSERH;HEMONUCLEO DE IMPERATRIZ;Copeira;2
EMSERH;HEMONUCLEO DE IMPERATRIZ;Enfermeiro;4
EMSERH;HEMONUCLEO DE IMPERATRIZ;Farmacêutico;5
EMSERH;HEMONUCLEO DE IMPERATRIZ;Motorista;3
EMSERH;HEMONUCLEO DE IMPERATRIZ;Nutricuinista;1
EMSERH;HEMONUCLEO DE IMPERATRIZ;Recepcionista;2
EMSERH;HEMONUCLEO DE IMPERATRIZ;Técnico de Informática;1
EMSERH;HEMONUCLEO DE IMPERATRIZ;Técnico em Laboratório;12
EMSERH;HEMONUCLEO DE IMPERATRIZ;Técnicos em Enfermagem;6
EMSERH;HEMONUCLEO DE PEDREIRAS;Assistente Social;2
EMSERH;HEMONUCLEO DE PEDREIRAS;Agente de Portaria;2
EMSERH;HEMONUCLEO DE PEDREIRAS;Assistente Administrativo;4
EMSERH;HEMONUCLEO DE PEDREIRAS;Auxiliar de Serviços Gerais;3
EMSERH;HEMONUCLEO DE PEDREIRAS;Coordenador Administrativo;1
EMSERH;HEMONUCLEO DE PEDREIRAS;Copeira;2
EMSERH;HEMONUCLEO DE PEDREIRAS;Enfermeiro;4
EMSERH;HEMONUCLEO DE PEDREIRAS;Farmacêutico;5
EMSERH;HEMONUCLEO DE PEDREIRAS;Motorista;3
EMSERH;HEMONUCLEO DE PEDREIRAS;Nutricuinista;1
EMSERH;HEMONUCLEO DE PEDREIRAS;Recepcionista;2
EMSERH;HEMONUCLEO DE PEDREIRAS;Técnico de Informática;1
EMSERH;HEMONUCLEO DE PEDREIRAS;Técnico em Laboratório;12
EMSERH;HEMONUCLEO DE PEDREIRAS;Técnicos em Enfermagem;6
EMSERH;HEMONUCLEO PINHEIRO;Assistente Social;2
EMSERH;HEMONUCLEO PINHEIRO;Agente de Portaria;2
EMSERH;HEMONUCLEO PINHEIRO;Assistente Administrativo;4
EMSERH;HEMONUCLEO PINHEIRO;Auxiliar de Serviços Gerais;3
EMSERH;HEMONUCLEO PINHEIRO;Coordenador Administrativo;1
EMSERH;HEMONUCLEO PINHEIRO;Copeira;2
EMSERH;HEMONUCLEO PINHEIRO;Enfermeiro;4
EMSERH;HEMONUCLEO PINHEIRO;Farmacêutico;5
EMSERH;HEMONUCLEO PINHEIRO;Motorista;3
EMSERH;HEMONUCLEO PINHEIRO;Nutricuinista;1
EMSERH;HEMONUCLEO PINHEIRO;Recepcionista;2
EMSERH;HEMONUCLEO PINHEIRO;Técnico de Informática;1
EMSERH;HEMONUCLEO PINHEIRO;Técnico em Laboratório;12
EMSERH;HEMONUCLEO PINHEIRO;Técnicos em Enfermagem;6
EMSERH;HEMONUCLEO SANTA INÊS;Assistente Social;2
EMSERH;HEMONUCLEO SANTA INÊS;Agente de Portaria;2
EMSERH;HEMONUCLEO SANTA INÊS;Assistente Administrativo;4
EMSERH;HEMONUCLEO SANTA INÊS;Auxiliar de Serviços Gerais;3
EMSERH;HEMONUCLEO SANTA INÊS;Coordenador Administrativo;1
EMSERH;HEMONUCLEO SANTA INÊS;Copeira;2
EMSERH;HEMONUCLEO SANTA INÊS;Enfermeiro;4
EMSERH;HEMONUCLEO SANTA INÊS;Farmacêutico;5
EMSERH;HEMONUCLEO SANTA INÊS;Motorista;3
EMSERH;HEMONUCLEO SANTA INÊS;Nutricuinista;1
EMSERH;HEMONUCLEO SANTA INÊS;Recepcionista;2
EMSERH;HEMONUCLEO SANTA INÊS;Técnico de Informática;1
EMSERH;HEMONUCLEO SANTA INÊS;Técnico em Laboratório;12
EMSERH;HEMONUCLEO SANTA INÊS;Técnicos em Enfermagem;6
EMSERH;HOSPITAL MACROREGIONAL DE CAXIAS;Assistente Social;6
EMSERH;HOSPITAL MACROREGIONAL DE CAXIAS;Auxiliar Administrativo;4
EMSERH;HOSPITAL MACROREGIONAL DE CAXIAS;Auxiliar de Farmacia;2
EMSERH;HOSPITAL MACROREGIONAL DE CAXIAS;Auxiliar de Rouparia;2
EMSERH;HOSPITAL MACROREGIONAL DE CAXIAS;Auxiliar de Serviços Gerais;1
EMSERH;HOSPITAL MACROREGIONAL DE CAXIAS;Coordenador da Equipe Multidisciplinar;1
EMSERH;HOSPITAL MACROREGIONAL DE CAXIAS;Coordenador de Farmacia;1
EMSERH;HOSPITAL MACROREGIONAL DE CAXIAS;Coordenador(a) de Enfermagem;1
EMSERH;HOSPITAL MACROREGIONAL DE CAXIAS;Diretor Clinico;1
EMSERH;HOSPITAL MACROREGIONAL DE CAXIAS;Diretor Geral;1
EMSERH;HOSPITAL MACROREGIONAL DE CAXIAS;Encarregado de Almoxarifado;1
EMSERH;HOSPITAL MACROREGIONAL DE CAXIAS;Encarregado de Faturamento;1
EMSERH;HOSPITAL MACROREGIONAL DE CAXIAS;Encarregado de Recursos Humanos;1
EMSERH;HOSPITAL MACROREGIONAL DE CAXIAS;Enfermeiro ;23
EMSERH;HOSPITAL MACROREGIONAL DE CAXIAS;Enfermeiro UTI Adulto;3
EMSERH;HOSPITAL MACROREGIONAL DE CAXIAS;Farmacêutico Bioquímico;2
EMSERH;HOSPITAL MACROREGIONAL DE CAXIAS;Farmacêutico Bioquímico ( Agencia Transfusional;2
EMSERH;HOSPITAL MACROREGIONAL DE CAXIAS;Fisioterapeuta;8
EMSERH;HOSPITAL MACROREGIONAL DE CAXIAS;Fonoaudilogo;1
EMSERH;HOSPITAL MACROREGIONAL DE CAXIAS;Maqueiro;10
EMSERH;HOSPITAL MACROREGIONAL DE CAXIAS;Motorista;1
EMSERH;HOSPITAL MACROREGIONAL DE CAXIAS;Nutricionista;5
EMSERH;HOSPITAL MACROREGIONAL DE CAXIAS;Psicólogo;2
EMSERH;HOSPITAL MACROREGIONAL DE CAXIAS;Recepcionista;1
EMSERH;HOSPITAL MACROREGIONAL DE CAXIAS;Supervisor  Administrativo;4
EMSERH;HOSPITAL MACROREGIONAL DE CAXIAS;Supervisor de Enfermagem AMBULATÓRIO;1
EMSERH;HOSPITAL MACROREGIONAL DE CAXIAS;Supervisor de Enfermagem Centro Cirúrgico/CME;1
EMSERH;HOSPITAL MACROREGIONAL DE CAXIAS;Supervisor de Enfermagem UTI Adulto;1
EMSERH;HOSPITAL MACROREGIONAL DE CAXIAS;Supervisor de Fisioterapia UTI Adulto;1
EMSERH;HOSPITAL MACROREGIONAL DE CAXIAS;Supervisor em Enfermagem - ALA 1 a 4;2
EMSERH;HOSPITAL MACROREGIONAL DE CAXIAS;Supervisor em Enfermagem - NIR;1
EMSERH;HOSPITAL MACROREGIONAL DE CAXIAS;Técnico  de Enfermagem;47
EMSERH;HOSPITAL MACROREGIONAL DE CAXIAS;Técnico de Gesso;1
EMSERH;HOSPITAL MACROREGIONAL DE CAXIAS;Técnico de Laboratório;3
EMSERH;HOSPITAL MACROREGIONAL DE CAXIAS;Técnico em Radiologia ;3
EMSERH;HOSPITAL MACROREGIONAL DE CAXIAS;Técnico em Tomografia;2
EMSERH;HOSPITAL MACROREGIONAL DE CAXIAS;Técnicos em Enfermagem com graduação;6
IADVH;HOSPITAL MACROREGIONAL DE CAXIAS;Agente de Portaria;16
IADVH;HOSPITAL MACROREGIONAL DE CAXIAS;Assistente Administrativo;14
IADVH;HOSPITAL MACROREGIONAL DE CAXIAS;Assistente Social;2
IADVH;HOSPITAL MACROREGIONAL DE CAXIAS;Auxiliar de Farmacia;7
IADVH;HOSPITAL MACROREGIONAL DE CAXIAS;Auxiliar de Hotelaria;3
IADVH;HOSPITAL MACROREGIONAL DE CAXIAS;Enfermeiro;60
IADVH;HOSPITAL MACROREGIONAL DE CAXIAS;Farmaceutico;3
IADVH;HOSPITAL MACROREGIONAL DE CAXIAS;Fisioterapeuta;22
IADVH;HOSPITAL MACROREGIONAL DE CAXIAS;Fonoaudiologo;1
IADVH;HOSPITAL MACROREGIONAL DE CAXIAS;Maqueiro;19
IADVH;HOSPITAL MACROREGIONAL DE CAXIAS;Motorista Cat. B e D;2
IADVH;HOSPITAL MACROREGIONAL DE CAXIAS;Psicologo;2
IADVH;HOSPITAL MACROREGIONAL DE CAXIAS;Recepcionista;10
IADVH;HOSPITAL MACROREGIONAL DE CAXIAS;Tecnico em  Enfermagem;212
IADVH;HOSPITAL MACROREGIONAL DE CAXIAS;Tecnico em  Radiologia;13
IADVH;HOSPITAL MACROREGIONAL DE CAXIAS;Tecnico em Administração;2
IADVH;HOSPITAL MACROREGIONAL DE CAXIAS;Tecnico em Gesso;1
IADVH;HOSPITAL MACROREGIONAL DE CAXIAS;Tecnico em Laboratorio;4
IADVH;HOSPITAL MACROREGIONAL DE CAXIAS;Técnico em Segurança do Trabalho;2
EMSERH;HOSPITAL MACROREGIONAL DE COROATA;Auxiliar Administrativo;1
EMSERH;HOSPITAL MACROREGIONAL DE COROATA;Auxiliar de serviços Gerais;1
EMSERH;HOSPITAL MACROREGIONAL DE COROATA;Biomédico;1
EMSERH;HOSPITAL MACROREGIONAL DE COROATA;Coordenador de Ambulatório;1
EMSERH;HOSPITAL MACROREGIONAL DE COROATA;Coordenador de Farmacia;1
EMSERH;HOSPITAL MACROREGIONAL DE COROATA;Coordenador de Serviço Assistenciais;1
EMSERH;HOSPITAL MACROREGIONAL DE COROATA;Coordenador(a) Administrativo;1
EMSERH;HOSPITAL MACROREGIONAL DE COROATA;Coordenador(a) em Enfermagem;1
EMSERH;HOSPITAL MACROREGIONAL DE COROATA;Diretor(a) Administrativo;1
EMSERH;HOSPITAL MACROREGIONAL DE COROATA;Diretor(a) Clinico;1
EMSERH;HOSPITAL MACROREGIONAL DE COROATA;Encarregada Administrativa;2
EMSERH;HOSPITAL MACROREGIONAL DE COROATA;Encarregado (a) Administrativo;1
EMSERH;HOSPITAL MACROREGIONAL DE COROATA;Encarregado de Almoxarifado;1
EMSERH;HOSPITAL MACROREGIONAL DE COROATA;Encarregado de Portaria ;2
EMSERH;HOSPITAL MACROREGIONAL DE COROATA;Enfermeiro (a);9
EMSERH;HOSPITAL MACROREGIONAL DE COROATA;Enfermeiro (a) UTI NEO;1
EMSERH;HOSPITAL MACROREGIONAL DE COROATA;Enfermeiro Neonatologia;1
EMSERH;HOSPITAL MACROREGIONAL DE COROATA;Farmacêutico;4
EMSERH;HOSPITAL MACROREGIONAL DE COROATA;Fisioterapeuta UTI-Adulto;1
EMSERH;HOSPITAL MACROREGIONAL DE COROATA;Fisioterapeuta UTI-NEO;2
EMSERH;HOSPITAL MACROREGIONAL DE COROATA;Maqueiro;1
EMSERH;HOSPITAL MACROREGIONAL DE COROATA;Nutricionista;2
EMSERH;HOSPITAL MACROREGIONAL DE COROATA;Psicólogo;1
EMSERH;HOSPITAL MACROREGIONAL DE COROATA;Recepcionista;2
EMSERH;HOSPITAL MACROREGIONAL DE COROATA;Supervisor (a) Administrativo;5
EMSERH;HOSPITAL MACROREGIONAL DE COROATA;Supervisor (a) De Enfermagem;3
EMSERH;HOSPITAL MACROREGIONAL DE COROATA;Supervisor (a) De Enfermagem CCIH;1
EMSERH;HOSPITAL MACROREGIONAL DE COROATA;Supervisor (a) De Recursos Humanos;1
EMSERH;HOSPITAL MACROREGIONAL DE COROATA;Supervisor (a) Serviço Social;1
EMSERH;HOSPITAL MACROREGIONAL DE COROATA;Supervisor de Faturamento;1
EMSERH;HOSPITAL MACROREGIONAL DE COROATA;Supervisor em Enfermagem Centro Cirúrgico;1
EMSERH;HOSPITAL MACROREGIONAL DE COROATA;Supervisor em Enfermagem UTI;2
EMSERH;HOSPITAL MACROREGIONAL DE COROATA;Técnico em Enfermagem;28
EMSERH;HOSPITAL MACROREGIONAL DE COROATA;Técnico em Enfermagem (Graduação);2
EMSERH;HOSPITAL MACROREGIONAL DE COROATA;Técnico Em Radiologia ;6
IADVH;HOSPITAL MACROREGIONAL DE COROATA;Agente de Portaria;47
IADVH;HOSPITAL MACROREGIONAL DE COROATA;Assistente Administrativo;32
IADVH;HOSPITAL MACROREGIONAL DE COROATA;Assistente Social;12
IADVH;HOSPITAL MACROREGIONAL DE COROATA;Auxiliar de Almoxarifado;2
IADVH;HOSPITAL MACROREGIONAL DE COROATA;Auxiliar de Hotelaria;21
IADVH;HOSPITAL MACROREGIONAL DE COROATA;Auxiliarde Farmacia;31
IADVH;HOSPITAL MACROREGIONAL DE COROATA;Copeiro;2
IADVH;HOSPITAL MACROREGIONAL DE COROATA;Enfermeiro;81
IADVH;HOSPITAL MACROREGIONAL DE COROATA;Enfermeiro NEP;1
IADVH;HOSPITAL MACROREGIONAL DE COROATA;Farmaceutico;6
IADVH;HOSPITAL MACROREGIONAL DE COROATA;Fisioterapeuta;38
IADVH;HOSPITAL MACROREGIONAL DE COROATA;Fonoaudiologo;1
IADVH;HOSPITAL MACROREGIONAL DE COROATA;Maqueiro;31
IADVH;HOSPITAL MACROREGIONAL DE COROATA;Motorista Categoria B e D;8
IADVH;HOSPITAL MACROREGIONAL DE COROATA;Nutricionista;9
IADVH;HOSPITAL MACROREGIONAL DE COROATA;Psicologo;7
IADVH;HOSPITAL MACROREGIONAL DE COROATA;Recepcionista;24
IADVH;HOSPITAL MACROREGIONAL DE COROATA;Secretaria;1
IADVH;HOSPITAL MACROREGIONAL DE COROATA;Tecnico em Administração;2
IADVH;HOSPITAL MACROREGIONAL DE COROATA;Tecnico em Enfermagem;292
IADVH;HOSPITAL MACROREGIONAL DE COROATA;Tecnico em Laboratorio;4
IADVH;HOSPITAL MACROREGIONAL DE COROATA;Tecnico em Radiologia;6
EMSERH;HOSPITAL MATERNO INFANTIL IMPERATRIZ;Auxiliar Operacional de Serviços Gerais ;1
EMSERH;HOSPITAL MATERNO INFANTIL IMPERATRIZ;Agente de Portaria;7
EMSERH;HOSPITAL MATERNO INFANTIL IMPERATRIZ;Assistente Social;9
EMSERH;HOSPITAL MATERNO INFANTIL IMPERATRIZ;Auxiliar  Administrativo;17
EMSERH;HOSPITAL MATERNO INFANTIL IMPERATRIZ;Auxiliar de Consultório Odontológico;1
EMSERH;HOSPITAL MATERNO INFANTIL IMPERATRIZ;Auxiliar de Farmácia;4
EMSERH;HOSPITAL MATERNO INFANTIL IMPERATRIZ;Coordenador da  Equipe Multidisciplinar ;1
EMSERH;HOSPITAL MATERNO INFANTIL IMPERATRIZ;Coordenador Administrativo;2
EMSERH;HOSPITAL MATERNO INFANTIL IMPERATRIZ;Coordenador de  Farmácia;1
EMSERH;HOSPITAL MATERNO INFANTIL IMPERATRIZ;Coordenador de Enfermagem de Centro Cirurgico;1
EMSERH;HOSPITAL MATERNO INFANTIL IMPERATRIZ;Coordenador de Fisioterapia;1
EMSERH;HOSPITAL MATERNO INFANTIL IMPERATRIZ;Coordenador de Ambulatório;1
EMSERH;HOSPITAL MATERNO INFANTIL IMPERATRIZ;Coordenador de CME;1
EMSERH;HOSPITAL MATERNO INFANTIL IMPERATRIZ;Coordenador de Compras;1
EMSERH;HOSPITAL MATERNO INFANTIL IMPERATRIZ;Coordenador de FOLLOW UP;2
EMSERH;HOSPITAL MATERNO INFANTIL IMPERATRIZ;Coordenador de Nutrição;1
EMSERH;HOSPITAL MATERNO INFANTIL IMPERATRIZ;Coordenador de Serviço Social;1
EMSERH;HOSPITAL MATERNO INFANTIL IMPERATRIZ;Coordenador de UTI;1
EMSERH;HOSPITAL MATERNO INFANTIL IMPERATRIZ;Coordenador do Banco de Leite;1
EMSERH;HOSPITAL MATERNO INFANTIL IMPERATRIZ;Diretor Administrativo;1
EMSERH;HOSPITAL MATERNO INFANTIL IMPERATRIZ;Diretor Técnico;1
EMSERH;HOSPITAL MATERNO INFANTIL IMPERATRIZ;Diretor Geral;1
EMSERH;HOSPITAL MATERNO INFANTIL IMPERATRIZ;Assessora de Comunicação;1
EMSERH;HOSPITAL MATERNO INFANTIL IMPERATRIZ;Encarregado  de Manutenção;1
EMSERH;HOSPITAL MATERNO INFANTIL IMPERATRIZ;Encarregado de  Portaria;1
EMSERH;HOSPITAL MATERNO INFANTIL IMPERATRIZ;Encarregado de Atendimento;1
EMSERH;HOSPITAL MATERNO INFANTIL IMPERATRIZ;Encarregado de Rouparia;1
EMSERH;HOSPITAL MATERNO INFANTIL IMPERATRIZ;Encarregado do Almoxarifado;1
EMSERH;HOSPITAL MATERNO INFANTIL IMPERATRIZ;Encarregado de Recepção;1
EMSERH;HOSPITAL MATERNO INFANTIL IMPERATRIZ;Encarregada de Serviços Gerais;1
EMSERH;HOSPITAL MATERNO INFANTIL IMPERATRIZ;Encarregado de Transporte;1
EMSERH;HOSPITAL MATERNO INFANTIL IMPERATRIZ;Enfermeiros Especialista em  Terapia Intensiva;3
EMSERH;HOSPITAL MATERNO INFANTIL IMPERATRIZ;Enfermeiros Especialista em  Obstetrícia;46
EMSERH;HOSPITAL MATERNO INFANTIL IMPERATRIZ;Farmacêutico/Bioquímico;1
EMSERH;HOSPITAL MATERNO INFANTIL IMPERATRIZ;Farmacêuticos ;4
EMSERH;HOSPITAL MATERNO INFANTIL IMPERATRIZ;Fisioterapeuta;16
EMSERH;HOSPITAL MATERNO INFANTIL IMPERATRIZ;Fonoaudióloga ;5
EMSERH;HOSPITAL MATERNO INFANTIL IMPERATRIZ;Gerente de Enfermagem;1
EMSERH;HOSPITAL MATERNO INFANTIL IMPERATRIZ;Maqueiro ;5
EMSERH;HOSPITAL MATERNO INFANTIL IMPERATRIZ;Médico Pediatra;1
EMSERH;HOSPITAL MATERNO INFANTIL IMPERATRIZ;Motorista categoria B;1
EMSERH;HOSPITAL MATERNO INFANTIL IMPERATRIZ;Nutricionista ;6
EMSERH;HOSPITAL MATERNO INFANTIL IMPERATRIZ;Odontólogos;2
EMSERH;HOSPITAL MATERNO INFANTIL IMPERATRIZ;Psicólogas ;2
EMSERH;HOSPITAL MATERNO INFANTIL IMPERATRIZ;Recepcionista ;1
EMSERH;HOSPITAL MATERNO INFANTIL IMPERATRIZ;Supervisor de Enfermagem ;10
EMSERH;HOSPITAL MATERNO INFANTIL IMPERATRIZ;Supervisor do Serviço de Nutrição ;2
EMSERH;HOSPITAL MATERNO INFANTIL IMPERATRIZ;Supervisores Administrativos ;5
EMSERH;HOSPITAL MATERNO INFANTIL IMPERATRIZ;Supervisores de Tecnologia da Informação;1
EMSERH;HOSPITAL MATERNO INFANTIL IMPERATRIZ;Supervisor de Recursos Humanos;1
EMSERH;HOSPITAL MATERNO INFANTIL IMPERATRIZ;Supervisor de CCIH;1
EMSERH;HOSPITAL MATERNO INFANTIL IMPERATRIZ;Supervisor de Fonoaudiologia;1
EMSERH;HOSPITAL MATERNO INFANTIL IMPERATRIZ;Supervisor do NEP;1
EMSERH;HOSPITAL MATERNO INFANTIL IMPERATRIZ;Supervisor de Segurança do Paciente;1
EMSERH;HOSPITAL MATERNO INFANTIL IMPERATRIZ;Supervisor de Faturamento;1
EMSERH;HOSPITAL MATERNO INFANTIL IMPERATRIZ;Técncos de enfermagem;141
EMSERH;HOSPITAL MATERNO INFANTIL IMPERATRIZ;Técncos de enfermagem com graduação;4
EMSERH;HOSPITAL MATERNO INFANTIL IMPERATRIZ;Tecnico em Radiologia;5
EMSERH;HOSPITAL MATERNO INFANTIL IMPERATRIZ;Técnico de Informática;1
EMSERH;HOSPITAL MATERNO INFANTIL IMPERATRIZ;Terapeuta ocupacional ;1
IADVH;HOSPITAL MATERNO INFANTIL IMPERATRIZ;Agente de Portaria;12
IADVH;HOSPITAL MATERNO INFANTIL IMPERATRIZ;Assistente Social;7
IADVH;HOSPITAL MATERNO INFANTIL IMPERATRIZ;Assistente Administrativo;6
IADVH;HOSPITAL MATERNO INFANTIL IMPERATRIZ;Auxiliar de Farmacia;4
IADVH;HOSPITAL MATERNO INFANTIL IMPERATRIZ;Auxiliar de Almoxarifado;39
IADVH;HOSPITAL MATERNO INFANTIL IMPERATRIZ;Auxiliar de Hotelaria;3
IADVH;HOSPITAL MATERNO INFANTIL IMPERATRIZ;Atendente de consultorio;3
IADVH;HOSPITAL MATERNO INFANTIL IMPERATRIZ;Digitador;3
IADVH;HOSPITAL MATERNO INFANTIL IMPERATRIZ;Técnico de Manutenção Predial;71
IADVH;HOSPITAL MATERNO INFANTIL IMPERATRIZ;Enfermeiro;3
IADVH;HOSPITAL MATERNO INFANTIL IMPERATRIZ;Farmaceutico;2
IADVH;HOSPITAL MATERNO INFANTIL IMPERATRIZ;Faturista;7
IADVH;HOSPITAL MATERNO INFANTIL IMPERATRIZ;Fisioterapeuta;10
IADVH;HOSPITAL MATERNO INFANTIL IMPERATRIZ;Instrumentador Cirurgico;1
IADVH;HOSPITAL MATERNO INFANTIL IMPERATRIZ;Lactarista;6
IADVH;HOSPITAL MATERNO INFANTIL IMPERATRIZ;Maqueiro;9
IADVH;HOSPITAL MATERNO INFANTIL IMPERATRIZ;Motorista Cat. B e D;4
IADVH;HOSPITAL MATERNO INFANTIL IMPERATRIZ;Nutricionista;17
IADVH;HOSPITAL MATERNO INFANTIL IMPERATRIZ;Psicologa;1
IADVH;HOSPITAL MATERNO INFANTIL IMPERATRIZ;Recepcionista;16
IADVH;HOSPITAL MATERNO INFANTIL IMPERATRIZ;Secretário (a);2
IADVH;HOSPITAL MATERNO INFANTIL IMPERATRIZ;Tecnico em administração;3
IADVH;HOSPITAL MATERNO INFANTIL IMPERATRIZ;Tecnico em Segurança do Trabalho;1
IADVH;HOSPITAL MATERNO INFANTIL IMPERATRIZ;Tecnico em Enfermagem;194
IADVH;HOSPITAL MATERNO INFANTIL IMPERATRIZ;Telefonista;2
EMSERH;CENTRO ESPECIALIDADES MEDICAS PAM DIAMANTE;Agente de Portaria;4
EMSERH;CENTRO ESPECIALIDADES MEDICAS PAM DIAMANTE;Assistente Social;1
EMSERH;CENTRO ESPECIALIDADES MEDICAS PAM DIAMANTE;Auxiliar Administrativo;16
EMSERH;CENTRO ESPECIALIDADES MEDICAS PAM DIAMANTE;Coordenador Administrativo;1
EMSERH;CENTRO ESPECIALIDADES MEDICAS PAM DIAMANTE;Coordenador de Enfermagem;1
EMSERH;CENTRO ESPECIALIDADES MEDICAS PAM DIAMANTE;Coordenador de Farmácia;1
EMSERH;CENTRO ESPECIALIDADES MEDICAS PAM DIAMANTE;Diretor Geral;1
EMSERH;CENTRO ESPECIALIDADES MEDICAS PAM DIAMANTE;Encarregado de arquivo;2
EMSERH;CENTRO ESPECIALIDADES MEDICAS PAM DIAMANTE;Encarregado de Atendimento;1
EMSERH;CENTRO ESPECIALIDADES MEDICAS PAM DIAMANTE;Encarregado de CALL CENTER;1
EMSERH;CENTRO ESPECIALIDADES MEDICAS PAM DIAMANTE;Encarregado de Faturamento;1
EMSERH;CENTRO ESPECIALIDADES MEDICAS PAM DIAMANTE;Encarregado de Informática;1
EMSERH;CENTRO ESPECIALIDADES MEDICAS PAM DIAMANTE;Encarregado de Manutenção;1
EMSERH;CENTRO ESPECIALIDADES MEDICAS PAM DIAMANTE;Encarregado de portaria;1
EMSERH;CENTRO ESPECIALIDADES MEDICAS PAM DIAMANTE;Encarregado de Recursos Humanos;1
EMSERH;CENTRO ESPECIALIDADES MEDICAS PAM DIAMANTE;Enfermeiros;15
EMSERH;CENTRO ESPECIALIDADES MEDICAS PAM DIAMANTE;Farmacêutico;1
EMSERH;CENTRO ESPECIALIDADES MEDICAS PAM DIAMANTE;Faturista;2
EMSERH;CENTRO ESPECIALIDADES MEDICAS PAM DIAMANTE;Gerente de Politica de Educação e Controle;1
EMSERH;CENTRO ESPECIALIDADES MEDICAS PAM DIAMANTE;Jornalista;1
EMSERH;CENTRO ESPECIALIDADES MEDICAS PAM DIAMANTE;Maqueiro;2
EMSERH;CENTRO ESPECIALIDADES MEDICAS PAM DIAMANTE;Medico Endocrinologista e Metabologista;1
EMSERH;CENTRO ESPECIALIDADES MEDICAS PAM DIAMANTE;Psicologo;1
EMSERH;CENTRO ESPECIALIDADES MEDICAS PAM DIAMANTE;Recepcionista;10
EMSERH;CENTRO ESPECIALIDADES MEDICAS PAM DIAMANTE;Secretária ;1
EMSERH;CENTRO ESPECIALIDADES MEDICAS PAM DIAMANTE;Supervisor Administrativo;1
EMSERH;CENTRO ESPECIALIDADES MEDICAS PAM DIAMANTE;Supervisor de Atendimento;1
EMSERH;CENTRO ESPECIALIDADES MEDICAS PAM DIAMANTE;Supervisor de Compras e Almoxarifado;1
EMSERH;CENTRO ESPECIALIDADES MEDICAS PAM DIAMANTE;Supervisor de Enfermagem;1
EMSERH;CENTRO ESPECIALIDADES MEDICAS PAM DIAMANTE;Supervisor de Enfermagem - CALL CENTER;1
EMSERH;CENTRO ESPECIALIDADES MEDICAS PAM DIAMANTE;Supervisor de Farmácia;1
EMSERH;CENTRO ESPECIALIDADES MEDICAS PAM DIAMANTE;Técnico em Segurança do Trabalho;1
EMSERH;CENTRO ESPECIALIDADES MEDICAS PAM DIAMANTE;Técnicos de Enfermagem ;9
IADVH;CENTRO ESPECIALIDADES MEDICAS PAM DIAMANTE;Agente de Portaria;8
IADVH;CENTRO ESPECIALIDADES MEDICAS PAM DIAMANTE;Assistente Administrativo;21
IADVH;CENTRO ESPECIALIDADES MEDICAS PAM DIAMANTE;Assistente Social;2
IADVH;CENTRO ESPECIALIDADES MEDICAS PAM DIAMANTE;Atendente de Consultorio;7
IADVH;CENTRO ESPECIALIDADES MEDICAS PAM DIAMANTE;Auxiliar de Farmacia;4
IADVH;CENTRO ESPECIALIDADES MEDICAS PAM DIAMANTE;Copeiro;2
IADVH;CENTRO ESPECIALIDADES MEDICAS PAM DIAMANTE;Enfermeiro;11
IADVH;CENTRO ESPECIALIDADES MEDICAS PAM DIAMANTE;Farmaceutico;1
IADVH;CENTRO ESPECIALIDADES MEDICAS PAM DIAMANTE;Nutricionista;2
IADVH;CENTRO ESPECIALIDADES MEDICAS PAM DIAMANTE;Psicologo(a);1
IADVH;CENTRO ESPECIALIDADES MEDICAS PAM DIAMANTE;Recepcionista;3
IADVH;CENTRO ESPECIALIDADES MEDICAS PAM DIAMANTE;Tecnico em Enfermagem ;37
IADVH;CENTRO ESPECIALIDADES MEDICAS PAM DIAMANTE;Técnico em Manutenção Predial;2
IADVH;CENTRO ESPECIALIDADES MEDICAS PAM DIAMANTE;Telefonista;2
EMSERH;HOSPITAL GERAL DE PERITORO;Agente De Portaria;2
EMSERH;HOSPITAL GERAL DE PERITORO;Assistente Social;1
EMSERH;HOSPITAL GERAL DE PERITORO;Auxiliar Administrativo;3
EMSERH;HOSPITAL GERAL DE PERITORO;Auxiliar de manutenção;1
EMSERH;HOSPITAL GERAL DE PERITORO;Auxiliar de Serviços Gerais;2
EMSERH;HOSPITAL GERAL DE PERITORO;Coordenador (a) em Enfermagem;1
EMSERH;HOSPITAL GERAL DE PERITORO;Coordenador de Enfermagem do NIR;1
EMSERH;HOSPITAL GERAL DE PERITORO;Coordenador de Farmácia;1
EMSERH;HOSPITAL GERAL DE PERITORO;Diretor (a) Administrativo;1
EMSERH;HOSPITAL GERAL DE PERITORO;Diretor (a) Geral;1
EMSERH;HOSPITAL GERAL DE PERITORO;Encarregado De Almoxarifado;1
EMSERH;HOSPITAL GERAL DE PERITORO;Encarregado De Recursos Humanos;1
EMSERH;HOSPITAL GERAL DE PERITORO;Enfermeiro (a);15
EMSERH;HOSPITAL GERAL DE PERITORO;Farmacêutico;5
EMSERH;HOSPITAL GERAL DE PERITORO;Fisioterapeuta p/ UCI;2
EMSERH;HOSPITAL GERAL DE PERITORO;Maqueiro;1
EMSERH;HOSPITAL GERAL DE PERITORO;Motorista;1
EMSERH;HOSPITAL GERAL DE PERITORO;Nutricionista;2
EMSERH;HOSPITAL GERAL DE PERITORO;Recepcionista;1
EMSERH;HOSPITAL GERAL DE PERITORO;Supervisor (a) Administrativo;5
EMSERH;HOSPITAL GERAL DE PERITORO;Supervisor (a) De Enfermagem UTI;1
EMSERH;HOSPITAL GERAL DE PERITORO;Supervisor de Enfermagem Alas;1
EMSERH;HOSPITAL GERAL DE PERITORO;Supervisor de Enfermagem Centro Cirúrgico;1
EMSERH;HOSPITAL GERAL DE PERITORO;Supervisor de CCIH;1
EMSERH;HOSPITAL GERAL DE PERITORO;Supervisor de Servço Social;1
EMSERH;HOSPITAL GERAL DE PERITORO;Spervisor em Manutenção;1
EMSERH;HOSPITAL GERAL DE PERITORO;Supervisor em Fisioterapia;1
EMSERH;HOSPITAL GERAL DE PERITORO;Supervisor de Transportes;1
EMSERH;HOSPITAL GERAL DE PERITORO;Supervisor (a) De Faturamento;1
EMSERH;HOSPITAL GERAL DE PERITORO;Técnico (a) De Enfermagem;22
EMSERH;HOSPITAL GERAL DE PERITORO;Técnico (a) de Enfermagem (Com Graduação);1
EMSERH;HOSPITAL GERAL DE PERITORO;Técnico em Segurança do Trabalho;1
EMSERH;HOSPITAL GERAL DE PERITORO;Técnico em Radiologia ;1
IADVH;HOSPITAL GERAL DE PERITORO;Agente de Portaria;9
IADVH;HOSPITAL GERAL DE PERITORO;Assistente Administrativo;17
IADVH;HOSPITAL GERAL DE PERITORO;Assistente Social;2
IADVH;HOSPITAL GERAL DE PERITORO;Auxiliar de Farmacia;8
IADVH;HOSPITAL GERAL DE PERITORO;Bioquimico;1
IADVH;HOSPITAL GERAL DE PERITORO;Enfermeiro;19
IADVH;HOSPITAL GERAL DE PERITORO;Faturista;1
IADVH;HOSPITAL GERAL DE PERITORO;Fisioterapeuta;4
IADVH;HOSPITAL GERAL DE PERITORO;Maqueiro;8
IADVH;HOSPITAL GERAL DE PERITORO;Motorista Cat B e D;6
IADVH;HOSPITAL GERAL DE PERITORO;Nutricionista;2
IADVH;HOSPITAL GERAL DE PERITORO;Recepcionista;9
IADVH;HOSPITAL GERAL DE PERITORO;Tecnico em Enfermagem;100
IADVH;HOSPITAL GERAL DE PERITORO;Tecnico em Gesso;5
IADVH;HOSPITAL GERAL DE PERITORO;Tecnico em Radiologia;7
EMSERH;HOSPITAL PRESIDENTE DUTRA;Agente de Portaria;1
EMSERH;HOSPITAL PRESIDENTE DUTRA;Assistente Social ;9
EMSERH;HOSPITAL PRESIDENTE DUTRA;Auxiliar Administrativo;6
EMSERH;HOSPITAL PRESIDENTE DUTRA;Auxiliar de Farmácia;3
EMSERH;HOSPITAL PRESIDENTE DUTRA;Biomédico;4
EMSERH;HOSPITAL PRESIDENTE DUTRA;Coordenador de Farmacia;1
EMSERH;HOSPITAL PRESIDENTE DUTRA;Coordenador de Enfermagem;1
EMSERH;HOSPITAL PRESIDENTE DUTRA;Coordenador Multidisciplinar;1
EMSERH;HOSPITAL PRESIDENTE DUTRA;Diretor Administrativo ;1
EMSERH;HOSPITAL PRESIDENTE DUTRA;Diretor Técnico;1
EMSERH;HOSPITAL PRESIDENTE DUTRA;Diretor Geral;1
EMSERH;HOSPITAL PRESIDENTE DUTRA;Encarregado de Atendimento;1
EMSERH;HOSPITAL PRESIDENTE DUTRA;Encarregado de Recursos Humanos ;1
EMSERH;HOSPITAL PRESIDENTE DUTRA;Encarregado do Almoxarifado;1
EMSERH;HOSPITAL PRESIDENTE DUTRA;Encarregado de Manutenção;1
EMSERH;HOSPITAL PRESIDENTE DUTRA;Encarregado de Transporte;1
EMSERH;HOSPITAL PRESIDENTE DUTRA;Encarregado Hemomar;1
EMSERH;HOSPITAL PRESIDENTE DUTRA;Encarregado SAME;1
EMSERH;HOSPITAL PRESIDENTE DUTRA;Enfermeiro especilista em Nefrologia;3
EMSERH;HOSPITAL PRESIDENTE DUTRA;Enfermeiros Especialista em Centro Cirúrgico;9
EMSERH;HOSPITAL PRESIDENTE DUTRA;Enfermeiros especialista em terapia Intensiva Adulto;4
EMSERH;HOSPITAL PRESIDENTE DUTRA;Enfermeiros especialistas em Urgência e Emergência ;19
EMSERH;HOSPITAL PRESIDENTE DUTRA;Farmacêutico;4
EMSERH;HOSPITAL PRESIDENTE DUTRA;Faturistas;0
EMSERH;HOSPITAL PRESIDENTE DUTRA;Fisioterapeuta ;5
EMSERH;HOSPITAL PRESIDENTE DUTRA;Fisioterapeuta especialista em Terapia Intensiva Adulto ;1
EMSERH;HOSPITAL PRESIDENTE DUTRA;Fonoaudiólogo;1
EMSERH;HOSPITAL PRESIDENTE DUTRA;Gerente de Enfermagem;1
EMSERH;HOSPITAL PRESIDENTE DUTRA;Maqueiro;9
EMSERH;HOSPITAL PRESIDENTE DUTRA;Motorista categoria D;2
EMSERH;HOSPITAL PRESIDENTE DUTRA;Nutricionista ;5
EMSERH;HOSPITAL PRESIDENTE DUTRA;Psicologos;2
EMSERH;HOSPITAL PRESIDENTE DUTRA;Recepcionista ;6
EMSERH;HOSPITAL PRESIDENTE DUTRA;Secretária;1
EMSERH;HOSPITAL PRESIDENTE DUTRA;Supervisor Administrativo;10
EMSERH;HOSPITAL PRESIDENTE DUTRA;Supervisor de Enfermagem;5
EMSERH;HOSPITAL PRESIDENTE DUTRA;Supervisor de Recepção;1
EMSERH;HOSPITAL PRESIDENTE DUTRA;Supervisor do Faturamento;1
EMSERH;HOSPITAL PRESIDENTE DUTRA;Supervisor de Manutenção;1
EMSERH;HOSPITAL PRESIDENTE DUTRA;Supervisor de Serviço Social;1
EMSERH;HOSPITAL PRESIDENTE DUTRA;Supervisor de Nutrição;1
EMSERH;HOSPITAL PRESIDENTE DUTRA;Supervisor de Fisioterapia;1
EMSERH;HOSPITAL PRESIDENTE DUTRA;Técnico de Enfermagem;36
EMSERH;HOSPITAL PRESIDENTE DUTRA;Técnico de Enfermagem com graduação;2
EMSERH;HOSPITAL PRESIDENTE DUTRA;Técnico em Imobilização Ortopédica ;5
EMSERH;HOSPITAL PRESIDENTE DUTRA;Técnico em Segurança do Trabalho;1
EMSERH;HOSPITAL PRESIDENTE DUTRA;Técnicos em laboratório;1
EMSERH;HOSPITAL PRESIDENTE DUTRA;Técnicos em radiologia ;8
IADVH;HOSPITAL PRESIDENTE DUTRA;Agente de Portaria;21
IADVH;HOSPITAL PRESIDENTE DUTRA;Assistente Administrativo;18
IADVH;HOSPITAL PRESIDENTE DUTRA;Assistente Social;4
IADVH;HOSPITAL PRESIDENTE DUTRA;Auxiliar almoxarifado;1
IADVH;HOSPITAL PRESIDENTE DUTRA;Auxiliar de farmacia;3
IADVH;HOSPITAL PRESIDENTE DUTRA;Auxiliar de Hotelaria;5
IADVH;HOSPITAL PRESIDENTE DUTRA;Enfermeiro;47
IADVH;HOSPITAL PRESIDENTE DUTRA;Farmaceutico;3
IADVH;HOSPITAL PRESIDENTE DUTRA;Faturista;2
IADVH;HOSPITAL PRESIDENTE DUTRA;Fisoterapeuta;10
IADVH;HOSPITAL PRESIDENTE DUTRA;Fonoaudiologo;1
IADVH;HOSPITAL PRESIDENTE DUTRA;Instrumentador Cirurgico;4
IADVH;HOSPITAL PRESIDENTE DUTRA;Maqueiro;23
IADVH;HOSPITAL PRESIDENTE DUTRA;Motorista Cat. B e D;6
IADVH;HOSPITAL PRESIDENTE DUTRA;Nutricionista;2
IADVH;HOSPITAL PRESIDENTE DUTRA;Recepcionista;17
IADVH;HOSPITAL PRESIDENTE DUTRA;Tecnico de Manutenção Predial;4
IADVH;HOSPITAL PRESIDENTE DUTRA;Tecnico em Enfermagem;215
IADVH;HOSPITAL PRESIDENTE DUTRA;Tecnico em Informatica;1
IADVH;HOSPITAL PRESIDENTE DUTRA;Tecnico em Laboratorio;4
IADVH;HOSPITAL PRESIDENTE DUTRA;Tecnico em Radiologia;11
IADVH;HOSPITAL PRESIDENTE DUTRA;Tecnico em Segurança do Trabalho;1
EMSERH;HOSPITAL PRESIDENTE VARGAS;Agente de Portaria;8
EMSERH;HOSPITAL PRESIDENTE VARGAS;Assistente Social ;7
EMSERH;HOSPITAL PRESIDENTE VARGAS;Auxiliar Administrativo;26
EMSERH;HOSPITAL PRESIDENTE VARGAS;Auxiliar Administrativo - NIR;5
EMSERH;HOSPITAL PRESIDENTE VARGAS;Auxiliar de Consultório de Odontologia;2
EMSERH;HOSPITAL PRESIDENTE VARGAS;Auxiliar de farmacia;5
EMSERH;HOSPITAL PRESIDENTE VARGAS;Auxiliar de Serviços Gerais - Rouparia;10
EMSERH;HOSPITAL PRESIDENTE VARGAS;Bioquímico /Biomédico;5
EMSERH;HOSPITAL PRESIDENTE VARGAS;Bioquímicos - Banco de sangue;3
EMSERH;HOSPITAL PRESIDENTE VARGAS;Coordenador de Enfermagem;1
EMSERH;HOSPITAL PRESIDENTE VARGAS;Coordendor Multidisciplinar;1
EMSERH;HOSPITAL PRESIDENTE VARGAS;Coordenador de Farmacia;1
EMSERH;HOSPITAL PRESIDENTE VARGAS;Direror Administrativo;1
EMSERH;HOSPITAL PRESIDENTE VARGAS;Diretor Clinico;1
EMSERH;HOSPITAL PRESIDENTE VARGAS;Diretor Geral;1
EMSERH;HOSPITAL PRESIDENTE VARGAS;Encarregado de Manutenção;1
EMSERH;HOSPITAL PRESIDENTE VARGAS;Encarregado de Recursos Humanos;1
EMSERH;HOSPITAL PRESIDENTE VARGAS;Enfermeiro;36
EMSERH;HOSPITAL PRESIDENTE VARGAS;Enfermeiro CME;2
EMSERH;HOSPITAL PRESIDENTE VARGAS;Enfermeiro Curativo;5
EMSERH;HOSPITAL PRESIDENTE VARGAS;Enfermeiro Epidemiologia;2
EMSERH;HOSPITAL PRESIDENTE VARGAS;Enfermeiro Especialista em UTI ;8
EMSERH;HOSPITAL PRESIDENTE VARGAS;Enfermeiro Qualidade;1
EMSERH;HOSPITAL PRESIDENTE VARGAS;Enfermeiros Especialista em Nefrologia;2
EMSERH;HOSPITAL PRESIDENTE VARGAS;Faturista;3
EMSERH;HOSPITAL PRESIDENTE VARGAS;Fisioterapeutas;15
EMSERH;HOSPITAL PRESIDENTE VARGAS;Fonoaudiologa;2
EMSERH;HOSPITAL PRESIDENTE VARGAS;Maqueiros ;10
EMSERH;HOSPITAL PRESIDENTE VARGAS;Microscopista;1
EMSERH;HOSPITAL PRESIDENTE VARGAS;Motoristas Categoria D;6
EMSERH;HOSPITAL PRESIDENTE VARGAS;Nutricionista ;5
EMSERH;HOSPITAL PRESIDENTE VARGAS;Psicologa;6
EMSERH;HOSPITAL PRESIDENTE VARGAS;Recepcionista;14
EMSERH;HOSPITAL PRESIDENTE VARGAS;Superviror do Ambulatório ;1
EMSERH;HOSPITAL PRESIDENTE VARGAS;Supervirsor Administrativo;5
EMSERH;HOSPITAL PRESIDENTE VARGAS;Supervisor de Atendimento;1
EMSERH;HOSPITAL PRESIDENTE VARGAS;Supervisor de CCIH ;1
EMSERH;HOSPITAL PRESIDENTE VARGAS;Supervisor de Enfermagem ;1
EMSERH;HOSPITAL PRESIDENTE VARGAS;Supervisor de Enfermagem UTI ;1
EMSERH;HOSPITAL PRESIDENTE VARGAS;Supervisor do SAE;1
EMSERH;HOSPITAL PRESIDENTE VARGAS;Supervisor de Reabilitação;1
EMSERH;HOSPITAL PRESIDENTE VARGAS;Supervisor de Nutrição;1
EMSERH;HOSPITAL PRESIDENTE VARGAS;Supervisor de NEP/NSP;1
EMSERH;HOSPITAL PRESIDENTE VARGAS;Supervisor do NIR;1
EMSERH;HOSPITAL PRESIDENTE VARGAS;Supervisor UTI;1
EMSERH;HOSPITAL PRESIDENTE VARGAS;Técnico de Informática;2
EMSERH;HOSPITAL PRESIDENTE VARGAS;Técnico de laboratório;4
EMSERH;HOSPITAL PRESIDENTE VARGAS;Técnico de Nutrição;3
EMSERH;HOSPITAL PRESIDENTE VARGAS;Técnico de Radiologia;3
EMSERH;HOSPITAL PRESIDENTE VARGAS;Técnico em Segurança do Trabalho ;2
EMSERH;HOSPITAL PRESIDENTE VARGAS;Técnico em Enfermagem;128
EMSERH;HOSPITAL PRESIDENTE VARGAS;Técnico em Enfermagem com graduação;15
EMSERH;HOSPITAL PRESIDENTE VARGAS;Técnicos em Laboratório;5
EMSERH;HOSPITAL PRESIDENTE VARGAS;Telefonista ;2
EMSERH;HOSPITAL PRESIDENTE VARGAS;Terapeuta Ocupacional;4
EMSERH;SOLAR DO OUTONO;Assistente Social;2
EMSERH;SOLAR DO OUTONO;Auxiliar de Cozinha;1
EMSERH;SOLAR DO OUTONO;Coordenador de Enfermagem;1
EMSERH;SOLAR DO OUTONO;Enfermeiro;5
EMSERH;SOLAR DO OUTONO;Farmaceutico;1
EMSERH;SOLAR DO OUTONO;Fisioterapeuta;3
EMSERH;SOLAR DO OUTONO;Fonoaudiologo;1
EMSERH;SOLAR DO OUTONO;Maqueiro;10
EMSERH;SOLAR DO OUTONO;Nutricionista;2
EMSERH;SOLAR DO OUTONO;Psicologo;2
EMSERH;SOLAR DO OUTONO;Técnico de Enfermagem;24
EMSERH;SOLAR DO OUTONO;Terapeuta Ocupacioal;2
EMSERH;HOSPITAL REGIONAL TIMBIRAS;Agente De Portaria;1
EMSERH;HOSPITAL REGIONAL TIMBIRAS;Assistente Administrativo;2
EMSERH;HOSPITAL REGIONAL TIMBIRAS;Auxiliar Administrativo;9
EMSERH;HOSPITAL REGIONAL TIMBIRAS;Auxiliar de Farmácia;1
EMSERH;HOSPITAL REGIONAL TIMBIRAS;Auxiliar de Serviços Gerais;2
EMSERH;HOSPITAL REGIONAL TIMBIRAS;Coordenador de Atendimento;1
EMSERH;HOSPITAL REGIONAL TIMBIRAS;Coordenador de Farmácia;1
EMSERH;HOSPITAL REGIONAL TIMBIRAS;Coordenador(a) de Enfermagem;1
EMSERH;HOSPITAL REGIONAL TIMBIRAS;Coordenador(a) de Recursos Humanos;1
EMSERH;HOSPITAL REGIONAL TIMBIRAS;Diretor (a) Geral;1
EMSERH;HOSPITAL REGIONAL TIMBIRAS;Diretor(a) Administrativo;1
EMSERH;HOSPITAL REGIONAL TIMBIRAS;Diretor(a) Clinico;1
EMSERH;HOSPITAL REGIONAL TIMBIRAS;Encarregado (a) de Faturamento;1
EMSERH;HOSPITAL REGIONAL TIMBIRAS;Encarregado de Almoxarifado;1
EMSERH;HOSPITAL REGIONAL TIMBIRAS;Encarregado de Manutenção;1
EMSERH;HOSPITAL REGIONAL TIMBIRAS;Enfermeiro (a);7
EMSERH;HOSPITAL REGIONAL TIMBIRAS;Farmacêutico;2
EMSERH;HOSPITAL REGIONAL TIMBIRAS;Maqueiro;2
EMSERH;HOSPITAL REGIONAL TIMBIRAS;Motorista;1
EMSERH;HOSPITAL REGIONAL TIMBIRAS;Recepcionista;2
EMSERH;HOSPITAL REGIONAL TIMBIRAS;Supervisor (a) Administrativo;6
EMSERH;HOSPITAL REGIONAL TIMBIRAS;Supervisor de CCIH;1
EMSERH;HOSPITAL REGIONAL TIMBIRAS;Supervisor em Enfermagem Centro Cirúrgico;1
EMSERH;HOSPITAL REGIONAL TIMBIRAS;Técnico (a) em Enfermagem;12
EMSERH;HOSPITAL REGIONAL TIMBIRAS;Técnico (a) em Imobilização Ortopédica;5
EMSERH;HOSPITAL REGIONAL TIMBIRAS;Técnico de Laboratório;1
EMSERH;HOSPITAL REGIONAL TIMBIRAS;Técnico em Radiologia ;2
IADVH;HOSPITAL REGIONAL TIMBIRAS;Agente de Portaria;8
IADVH;HOSPITAL REGIONAL TIMBIRAS;Assistente Administrativo;10
IADVH;HOSPITAL REGIONAL TIMBIRAS;Assistente Social;3
IADVH;HOSPITAL REGIONAL TIMBIRAS;Auxiliar de Farmacia;8
IADVH;HOSPITAL REGIONAL TIMBIRAS;Auxiliar de Hotelaria;2
IADVH;HOSPITAL REGIONAL TIMBIRAS;Enfermeiro;27
IADVH;HOSPITAL REGIONAL TIMBIRAS;Farmaceutico;1
IADVH;HOSPITAL REGIONAL TIMBIRAS;Fisioterapeuta;3
IADVH;HOSPITAL REGIONAL TIMBIRAS;Maqueiro;9
IADVH;HOSPITAL REGIONAL TIMBIRAS;Motorista Cat. B e D;6
IADVH;HOSPITAL REGIONAL TIMBIRAS;Nutricionista;2
IADVH;HOSPITAL REGIONAL TIMBIRAS;Recepcionista;9
IADVH;HOSPITAL REGIONAL TIMBIRAS;Secretaria;1
IADVH;HOSPITAL REGIONAL TIMBIRAS;Tecnico em Enfermagem;123
IADVH;HOSPITAL REGIONAL TIMBIRAS;Tecnico em Administração;1
IADVH;HOSPITAL REGIONAL TIMBIRAS;Tecnico em radiologia;6
EMSERH;UPA CIDADE OPERARIA;Agente de Portaria;7
EMSERH;UPA CIDADE OPERARIA;Assistente Social ;8
EMSERH;UPA CIDADE OPERARIA;Assistente Administrativo;4
EMSERH;UPA CIDADE OPERARIA;Auxiliar Administrativo ;4
EMSERH;UPA CIDADE OPERARIA;Auxiliar de Farmácia;1
EMSERH;UPA CIDADE OPERARIA;Auxiliar Operacional de Serviçoa Gerais;4
EMSERH;UPA CIDADE OPERARIA;Coordenador de farmácia;1
EMSERH;UPA CIDADE OPERARIA;Coordenadora de Enfermagem;2
EMSERH;UPA CIDADE OPERARIA;Coordenador Multidisciplinar;1
EMSERH;UPA CIDADE OPERARIA;Diretor Administrativo;1
EMSERH;UPA CIDADE OPERARIA;Diretor Técnico;1
EMSERH;UPA CIDADE OPERARIA;Diretor de Planejamento Estratégico;1
EMSERH;UPA CIDADE OPERARIA;Encarregado dos Recursos Humanos;1
EMSERH;UPA CIDADE OPERARIA;Enfermeiros;23
EMSERH;UPA CIDADE OPERARIA;Enfermeiro CCIH;1
EMSERH;UPA CIDADE OPERARIA;Enfermeiro NSP;1
EMSERH;UPA CIDADE OPERARIA;Farmacêutico;4
EMSERH;UPA CIDADE OPERARIA;Faturista;1
EMSERH;UPA CIDADE OPERARIA;Fisioterapeutas;7
EMSERH;UPA CIDADE OPERARIA;Fonoaudiologo;5
EMSERH;UPA CIDADE OPERARIA;Maqueiros;3
EMSERH;UPA CIDADE OPERARIA;Medico Pediatra;1
EMSERH;UPA CIDADE OPERARIA;Medico Cardiologista;1
EMSERH;UPA CIDADE OPERARIA;Médico Endocrinologista;1
EMSERH;UPA CIDADE OPERARIA;Motorista de Ambulancia;2
EMSERH;UPA CIDADE OPERARIA;Nutricionista;2
EMSERH;UPA CIDADE OPERARIA;Psicologo;6
EMSERH;UPA CIDADE OPERARIA;Psicopedagogo;2
EMSERH;UPA CIDADE OPERARIA;Recepcionistas ;3
EMSERH;UPA CIDADE OPERARIA;Secretária ;1
EMSERH;UPA CIDADE OPERARIA;Supervisor de Fisioterapia ;1
EMSERH;UPA CIDADE OPERARIA;Supervisor de Serviço Social;1
EMSERH;UPA CIDADE OPERARIA;Supervisores Administrativos ;5
EMSERH;UPA CIDADE OPERARIA;Técnico de enfermagem ;26
EMSERH;UPA CIDADE OPERARIA;Técnico em Imobilização Ortopedica;5
EMSERH;UPA CIDADE OPERARIA;Terapeuta Ocupacional;4
IADVH;UPA CIDADE OPERARIA;Agente de Portaria;9
IADVH;UPA CIDADE OPERARIA;Assistente Social;1
IADVH;UPA CIDADE OPERARIA;Atendente de Consultorio;5
IADVH;UPA CIDADE OPERARIA;Auxiliar de Farmacia;3
IADVH;UPA CIDADE OPERARIA;Assitente Administrativo;3
IADVH;UPA CIDADE OPERARIA;Auxiliar de Hotelaria;2
IADVH;UPA CIDADE OPERARIA;Enfermeiro;9
IADVH;UPA CIDADE OPERARIA;Farmaceutico;1
IADVH;UPA CIDADE OPERARIA;Fisioterapeuta;5
IADVH;UPA CIDADE OPERARIA;Maqueiro;7
IADVH;UPA CIDADE OPERARIA;Motorista cat. B e D;3
IADVH;UPA CIDADE OPERARIA;Recepcionista;7
IADVH;UPA CIDADE OPERARIA;Tecnico de Segurança do Trabalho;1
IADVH;UPA CIDADE OPERARIA;Tecnico em Manutençao Predial;1
IADVH;UPA CIDADE OPERARIA;Tecnico em Enfermagem;77
IADVH;UPA CIDADE OPERARIA;tecnico em Radiologia;7
IADVH;CEM CIDADE OPERARIA;Agente de Portaria;1
IADVH;CEM CIDADE OPERARIA;Assistente Administrativo;5
IADVH;CEM CIDADE OPERARIA;Atendente de Consultório Odontologico;1
IADVH;CEM CIDADE OPERARIA;Enfermeiro;1
IADVH;CEM CIDADE OPERARIA;Motorista cat. B e D;1
IADVH;CEM CIDADE OPERARIA;Recepcionista;3
IADVH;CEM CIDADE OPERARIA;Tecnico em administração;3
IADVH;CEM CIDADE OPERARIA;Tecnico em Enfermagem;13
IADVH;CEM CIDADE OPERARIA;Tecnico em Manutenção Predial;1
IADVH;CEM CIDADE OPERARIA;Tecnico em Informatica;1
EMSERH;UPA ARACAGY;Agente de Portaria ;4
EMSERH;UPA ARACAGY;Assistente Social;2
EMSERH;UPA ARACAGY;Atendentes de Consultório Odontológico;6
EMSERH;UPA ARACAGY;Auxiliar administrativo;3
EMSERH;UPA ARACAGY;Auxiliar de Farmácia;1
EMSERH;UPA ARACAGY;Coordenador de Farmácia ;1
EMSERH;UPA ARACAGY;Coordenadora Geral de Enfermagem ;1
EMSERH;UPA ARACAGY;Diretor Administrativo;1
EMSERH;UPA ARACAGY;Diretor Técnico;1
EMSERH;UPA ARACAGY;Encarregado de Almoxarifado ;1
EMSERH;UPA ARACAGY;Encarregado de Faturamento;1
EMSERH;UPA ARACAGY;Encarregado de Recursos Humanos ;1
EMSERH;UPA ARACAGY;Enfermeiro;24
EMSERH;UPA ARACAGY;Farmacêutico;6
EMSERH;UPA ARACAGY;Maqueiro ;2
EMSERH;UPA ARACAGY;Médico Cardiologista;1
EMSERH;UPA ARACAGY;Medico Pediatra;1
EMSERH;UPA ARACAGY;Motorista  Categoria D;2
EMSERH;UPA ARACAGY;Recepcionista;1
EMSERH;UPA ARACAGY;Secretária;1
EMSERH;UPA ARACAGY;Supervisor  de Fisioterapia;1
EMSERH;UPA ARACAGY;Supervisor  de Serviço Social;1
EMSERH;UPA ARACAGY;Supervisor Administrativo;5
EMSERH;UPA ARACAGY;Supervisor de Atendimento;1
EMSERH;UPA ARACAGY;Supervisor de CCIH / NHE;1
EMSERH;UPA ARACAGY;Técnico em Enfermagem ;40
EMSERH;UPA ARACAGY;Técnico em Enfermagem com graduação;3
EMSERH;UPA ARACAGY;Técnico em Imobilização ortopédica;1
EMSERH;UPA ARACAGY;Técnicos em Radiologia ;2
IADVH;UPA ARACAGY;Agente de Portaria;15
IADVH;UPA ARACAGY;Arquivista;0
IADVH;UPA ARACAGY;Assistente Administrativo;2
IADVH;UPA ARACAGY;Assistente Social;6
IADVH;UPA ARACAGY;Auxiliar de Farmacia ;5
IADVH;UPA ARACAGY;Auxiliar de Hotelaria;18
IADVH;UPA ARACAGY;Enfermeiro;28
IADVH;UPA ARACAGY;Fisioterapeuta;6
IADVH;UPA ARACAGY;Maqueiro;8
IADVH;UPA ARACAGY;Motorista cat. B e D;7
IADVH;UPA ARACAGY;Recepcionista;10
IADVH;UPA ARACAGY;Tecnico em Enfermagem;86
IADVH;UPA ARACAGY;Tecnico de Gesso;6
IADVH;UPA ARACAGY;Técnico em Manutenção Predial;1
IADVH;UPA ARACAGY;Tecnico em Radiologia;6
IADVH;UPA ARACAGY;Tecnico em Segurança do Trabalho;1
IADVH;UPA ARACAGY;Tecnico em saude Bucal;1
EMSERH;UPA ITAQUI BACANGA;Agente de Portaria;1
EMSERH;UPA ITAQUI BACANGA;Auxilar de Manutenção;1
EMSERH;UPA ITAQUI BACANGA;Auxiliar de Farmácia;1
EMSERH;UPA ITAQUI BACANGA;Coordenador da Farmácia;1
EMSERH;UPA ITAQUI BACANGA;Coordenador Geral de Enfermagem;1
EMSERH;UPA ITAQUI BACANGA;Diretor Administrativo;1
EMSERH;UPA ITAQUI BACANGA;Diretor Técnico;1
EMSERH;UPA ITAQUI BACANGA;Encarregado de Recursos Humanos;1
EMSERH;UPA ITAQUI BACANGA;Encarregado do Almoxarifado;1
EMSERH;UPA ITAQUI BACANGA;Enfermeiro;14
EMSERH;UPA ITAQUI BACANGA;Enfermeiro Especialista em Terapia Intensiva ;6
EMSERH;UPA ITAQUI BACANGA;Farmacêutico;4
EMSERH;UPA ITAQUI BACANGA;Fisioterapeuta Especialista em Terapia Intensiva ;1
EMSERH;UPA ITAQUI BACANGA;Maqueiro;1
EMSERH;UPA ITAQUI BACANGA;Motorista Carro de Apoio;1
EMSERH;UPA ITAQUI BACANGA;Medico Pediatra;1
EMSERH;UPA ITAQUI BACANGA;Médico Cardiologista;1
EMSERH;UPA ITAQUI BACANGA;Recepcionista;2
EMSERH;UPA ITAQUI BACANGA;Secretária;1
EMSERH;UPA ITAQUI BACANGA;Supervisor Administrativo;4
EMSERH;UPA ITAQUI BACANGA;Supervisor de Fisioterapia;1
EMSERH;UPA ITAQUI BACANGA;Supervisor de Recursos Humanos;1
EMSERH;UPA ITAQUI BACANGA;Supervisor de Enfermagem CCIH/NHE;1
EMSERH;UPA ITAQUI BACANGA;Técnico de segurança do trabalho;1
EMSERH;UPA ITAQUI BACANGA;Técnico em Imobilização Ortopédica ;4
EMSERH;UPA ITAQUI BACANGA;Técnicos em Enfermagem ;33
EMSERH;UPA ITAQUI BACANGA;Técnicos em Enfermagem graduação;2
IADVH;UPA ITAQUI BACANGA;Agente de Portaria;11
IADVH;UPA ITAQUI BACANGA;Assistente Administrativo;4
IADVH;UPA ITAQUI BACANGA;Assistente Social;6
IADVH;UPA ITAQUI BACANGA;Auxiliar de Farmacia;2
IADVH;UPA ITAQUI BACANGA;Auxiliar de Hotelaria;1
IADVH;UPA ITAQUI BACANGA;Enfermeiro;12
IADVH;UPA ITAQUI BACANGA;Farmaceutico;1
IADVH;UPA ITAQUI BACANGA;Faturista;1
IADVH;UPA ITAQUI BACANGA;Fisioterapeuta;4
IADVH;UPA ITAQUI BACANGA;Maqueiro;3
IADVH;UPA ITAQUI BACANGA;Motorista cat B e D;5
IADVH;UPA ITAQUI BACANGA;Recepcionista;6
IADVH;UPA ITAQUI BACANGA;tecnico de Gesso;1
IADVH;UPA ITAQUI BACANGA;Tecnico de Enfermagem;59
IADVH;UPA ITAQUI BACANGA;Tecnico de Radiologia;7
EMSERH;UPA CODO;Agente De Portaria;1
EMSERH;UPA CODO;Auxiliar Administrativo;6
EMSERH;UPA CODO;Auxiliar de serviços Gerais;1
EMSERH;UPA CODO;Coordenador de Farmácia;1
EMSERH;UPA CODO;Coordenador(a) de Enfermagem;1
EMSERH;UPA CODO;Diretor(a) Administrativo;1
EMSERH;UPA CODO;Diretor(a) Clinico;1
EMSERH;UPA CODO;Encarregado de Recursos Humanos;1
EMSERH;UPA CODO;Enfermeiro (a);13
EMSERH;UPA CODO;Farmacêutico;3
EMSERH;UPA CODO;Fisioterapeuta;2
EMSERH;UPA CODO;Maqueiro;2
EMSERH;UPA CODO;Recepcionista;1
EMSERH;UPA CODO;Supervisor (A) Administrativo;5
EMSERH;UPA CODO;Supervisor (a) Serviço Social;1
EMSERH;UPA CODO;Supervisor de Fisioterapia;1
EMSERH;UPA CODO;Técnico (a) De Enfermagem;17
EMSERH;UPA CODO;Técnico (a) De Enfermagem (Graduação);2
EMSERH;UPA CODO;Técnico Em Radiologia ;1
IADVH;UPA CODO;Agente de Portaria;8
IADVH;UPA CODO;Assistente Social;6
IADVH;UPA CODO;Auxiliar de Farmacia;5
IADVH;UPA CODO;Enfermeiro;11
IADVH;UPA CODO;Farmaceutico;1
IADVH;UPA CODO;Faturista;1
IADVH;UPA CODO;Fisioterapeuta;3
IADVH;UPA CODO;Maqueiro;4
IADVH;UPA CODO;Motorista Cat. B e D;6
IADVH;UPA CODO;Recepcionista;8
IADVH;UPA CODO;Tecnico em Enfermagem;74
IADVH;UPA CODO;Tecnico em gesso;2
IADVH;UPA CODO;Tecnico em Radiologia;7
EMSERH;UPA COROATA;Assistente Social;3
EMSERH;UPA COROATA;Auxiliar Administrativo;2
EMSERH;UPA COROATA;Coordenador de Farmácia;1
EMSERH;UPA COROATA;Diretor(a) Administrativo;1
EMSERH;UPA COROATA;Diretor(a) Clinico;1
EMSERH;UPA COROATA;Encarregado de Portaria ;1
EMSERH;UPA COROATA;Enfermeiro (a);18
EMSERH;UPA COROATA;Farmacêutico;1
EMSERH;UPA COROATA;Fisioterapeuta;1
EMSERH;UPA COROATA;Motorista;2
EMSERH;UPA COROATA;Supervisor (a) Administrativo;5
EMSERH;UPA COROATA;Supervisor de Faturamento;1
EMSERH;UPA COROATA;Supervisor (a) de Recursos Humanos;1
IADVH;UPA COROATA;Agente de Portaria;10
IADVH;UPA COROATA;Auxiliar de Almoxarifado;1
IADVH;UPA COROATA;Assistente Social;5
IADVH;UPA COROATA;Assistente Admnistrativo;4
IADVH;UPA COROATA;Auxiliar de Farmacia;5
IADVH;UPA COROATA;Auxiliar de Hotelaria;5
IADVH;UPA COROATA;Digitador;1
IADVH;UPA COROATA;Enfermeira;7
IADVH;UPA COROATA;Farmaceutico;1
IADVH;UPA COROATA;Fisioterapeuta;4
IADVH;UPA COROATA;Maqueiro;5
IADVH;UPA COROATA;Motorista Cat. B e D;2
IADVH;UPA COROATA;Recepcionista;9
IADVH;UPA COROATA;Secretaria;1
IADVH;UPA COROATA;Tecnico em Enfermagem;71
IADVH;UPA COROATA;Tecnico em Radiologia;7
EMSERH;UPA DE IMPERATRIZ;Agente de Portaria;3
EMSERH;UPA DE IMPERATRIZ;Assistente Social ;2
EMSERH;UPA DE IMPERATRIZ;Auxiliar Administrativo;3
EMSERH;UPA DE IMPERATRIZ;Auxiliar de Farmácia;4
EMSERH;UPA DE IMPERATRIZ;AOSG;3
EMSERH;UPA DE IMPERATRIZ;Coordenador da farmácia e almoxarifado;1
EMSERH;UPA DE IMPERATRIZ;Coordenador Geral de Enfermagem;1
EMSERH;UPA DE IMPERATRIZ;Coordenador Administrativo;1
EMSERH;UPA DE IMPERATRIZ;Diretor Administrartivo;1
EMSERH;UPA DE IMPERATRIZ;Diretor Técnico;1
EMSERH;UPA DE IMPERATRIZ;Encarregado de Faturamento;1
EMSERH;UPA DE IMPERATRIZ;Encarregado do Recursos Humanos;1
EMSERH;UPA DE IMPERATRIZ;Encarregado de Serviços Gerais;1
EMSERH;UPA DE IMPERATRIZ;Enfermeiro;18
EMSERH;UPA DE IMPERATRIZ;Enfermeiro NEP/NSP;1
EMSERH;UPA DE IMPERATRIZ;Enfermeiro especialista em Terapia Intensiva Adulto;5
EMSERH;UPA DE IMPERATRIZ;Farmacêutico;4
EMSERH;UPA DE IMPERATRIZ;Fisioterapeuta ;6
EMSERH;UPA DE IMPERATRIZ;Maqueiro;2
EMSERH;UPA DE IMPERATRIZ;Motorista ;1
EMSERH;UPA DE IMPERATRIZ;Motorista Categoria D;5
EMSERH;UPA DE IMPERATRIZ;Recepcionista;2
EMSERH;UPA DE IMPERATRIZ;Secretária;1
EMSERH;UPA DE IMPERATRIZ;Supervisor de CCIH - Enfermeiro;1
EMSERH;UPA DE IMPERATRIZ;Supervisor de Serviço Social;1
EMSERH;UPA DE IMPERATRIZ;Supervisor de Fisioterapia;1
EMSERH;UPA DE IMPERATRIZ;Supervisores Administrativo;6
EMSERH;UPA DE IMPERATRIZ;Supervisor de Recursos Humanos;1
EMSERH;UPA DE IMPERATRIZ;Supervisor de Faturamento;1
EMSERH;UPA DE IMPERATRIZ;Técnico de Imobilização Ortopedica;5
EMSERH;UPA DE IMPERATRIZ;Técnico de Enfermagem;10
EMSERH;UPA DE IMPERATRIZ;Técnico Segurança do Trabalho;1
IADVH;UPA DE IMPERATRIZ;Agente de Portaria;7
IADVH;UPA DE IMPERATRIZ;Assistente Administrativo;1
IADVH;UPA DE IMPERATRIZ;Assistente Social;4
IADVH;UPA DE IMPERATRIZ;Auxiliar de Farmacia;1
IADVH;UPA DE IMPERATRIZ;Auxiliar de Hotelaria;9
IADVH;UPA DE IMPERATRIZ;Enfermeiro;11
IADVH;UPA DE IMPERATRIZ;Maqueiro;3
IADVH;UPA DE IMPERATRIZ;Motorista Cat. B e D;1
IADVH;UPA DE IMPERATRIZ;Recepcionista;6
IADVH;UPA DE IMPERATRIZ;Tecnico em Enfermagem;64
IADVH;UPA DE IMPERATRIZ;Tecnico em Radiologia;7
EMSERH;UPA PAÇO DO LUMIAR;Agente de Portaria ;8
EMSERH;UPA PAÇO DO LUMIAR;Assistente Social;4
EMSERH;UPA PAÇO DO LUMIAR;Auxiliar Administrativo;5
EMSERH;UPA PAÇO DO LUMIAR;Auxiliar de Farmácia ;5
EMSERH;UPA PAÇO DO LUMIAR;Auxiliar Operacional Serviços Gerais;5
EMSERH;UPA PAÇO DO LUMIAR;Coordenador de Enfermagem;1
EMSERH;UPA PAÇO DO LUMIAR;Coordenador da Farmácia ;1
EMSERH;UPA PAÇO DO LUMIAR;Diretor Administrativo;1
EMSERH;UPA PAÇO DO LUMIAR;Diretor Técnico;1
EMSERH;UPA PAÇO DO LUMIAR;Diretor Geral;1
EMSERH;UPA PAÇO DO LUMIAR;Encarregado de Atendimento;1
EMSERH;UPA PAÇO DO LUMIAR;Encarregado de Faturamento;1
EMSERH;UPA PAÇO DO LUMIAR;Enfermeiros;3
EMSERH;UPA PAÇO DO LUMIAR;Enfermeiros CCIH;1
EMSERH;UPA PAÇO DO LUMIAR;Enfermeiros NEP/NSP;1
EMSERH;UPA PAÇO DO LUMIAR;Enfermeiros Especialista em Urgencia e Emergencia;15
EMSERH;UPA PAÇO DO LUMIAR;Farmacêutico;5
EMSERH;UPA PAÇO DO LUMIAR;Fisioterapeuta;2
EMSERH;UPA PAÇO DO LUMIAR;Maqueiro;6
EMSERH;UPA PAÇO DO LUMIAR;Motorista Categoria D;5
EMSERH;UPA PAÇO DO LUMIAR;Recepcionista ;8
EMSERH;UPA PAÇO DO LUMIAR;Secretária Executiva;1
EMSERH;UPA PAÇO DO LUMIAR;Supervisão de Atendimento ;1
EMSERH;UPA PAÇO DO LUMIAR;Supervisores Administrativos;4
EMSERH;UPA PAÇO DO LUMIAR;Supervisores de Fisioterapia;1
EMSERH;UPA PAÇO DO LUMIAR;Supervisor de Recursos Humanos;1
EMSERH;UPA PAÇO DO LUMIAR;Técnico em Manutenção;1
EMSERH;UPA PAÇO DO LUMIAR;Técnicos em Enfermagem ;50
EMSERH;UPA PAÇO DO LUMIAR;Técnico em Segurança do Trabalho;1
IADVH;UPA PAÇO DO LUMIAR;Assistente Social;2
IADVH;UPA PAÇO DO LUMIAR;Auxiliar de Farmácia ;3
IADVH;UPA PAÇO DO LUMIAR;Auxiliar Operacional Serviços Gerais;8
IADVH;UPA PAÇO DO LUMIAR;Copeira;4
IADVH;UPA PAÇO DO LUMIAR;Enfermeiros;22
IADVH;UPA PAÇO DO LUMIAR;Fisioterapeuta;7
IADVH;UPA PAÇO DO LUMIAR;Maqueiro;6
IADVH;UPA PAÇO DO LUMIAR;Técnico em Imobilização;5
IADVH;UPA PAÇO DO LUMIAR;Técnico em Radiologia;7
IADVH;UPA PAÇO DO LUMIAR;Técnicos em Informatica;1
IADVH;UPA PAÇO DO LUMIAR;Técnicos em Enfermagem ;65
EMSERH;UPA PARQUE VITORIA;Agente de Portaria;3
EMSERH;UPA PARQUE VITORIA;Assistente Social;1
EMSERH;UPA PARQUE VITORIA;Auxiliar Administrativo;6
EMSERH;UPA PARQUE VITORIA;Auxiliar Operacional de Serviços Gerais ;3
EMSERH;UPA PARQUE VITORIA;Coordenador da Farmácia;1
EMSERH;UPA PARQUE VITORIA;Coordenador Geral de Enfermagem ;1
EMSERH;UPA PARQUE VITORIA;Diretor Administrativo;1
EMSERH;UPA PARQUE VITORIA;Diretor Técnico;1
EMSERH;UPA PARQUE VITORIA;Encarregado do Almoxarifado;1
EMSERH;UPA PARQUE VITORIA;Encarregado de Serviços Gerais;1
EMSERH;UPA PARQUE VITORIA;Encarregado de Higienização;1
EMSERH;UPA PARQUE VITORIA;Enfermeiro;12
EMSERH;UPA PARQUE VITORIA;Farmacêutico;3
EMSERH;UPA PARQUE VITORIA;Fisioterapeuta Especialista em Terapia Intensiva ;3
EMSERH;UPA PARQUE VITORIA;Medico Pediatra;1
EMSERH;UPA PARQUE VITORIA;Médico Cardiologista;1
EMSERH;UPA PARQUE VITORIA;Maqueiro ;5
EMSERH;UPA PARQUE VITORIA;Recepcionistas ;1
EMSERH;UPA PARQUE VITORIA;Secretária;1
EMSERH;UPA PARQUE VITORIA;Supervirsor de Fisioterapia ;1
EMSERH;UPA PARQUE VITORIA;Supervisor Administrativo;5
EMSERH;UPA PARQUE VITORIA;Supervisor de CCIH;1
EMSERH;UPA PARQUE VITORIA;Supervisor do Serviço Social ;1
EMSERH;UPA PARQUE VITORIA;Supervisor de Recursos Humanos;1
EMSERH;UPA PARQUE VITORIA;Técnico em Enfermagem;15
EMSERH;UPA PARQUE VITORIA;Técnico em Enfermagem com graduação;9
EMSERH;UPA PARQUE VITORIA;Técnico em Imobilização Ortopédica ;5
EMSERH;UPA PARQUE VITORIA;Técnico em Segurança do Trabalho ;1
EMSERH;UPA PARQUE VITORIA;Técnicos em Radiologia;1
IADVH;UPA PARQUE VITORIA;Agente de Portaria;7
IADVH;UPA PARQUE VITORIA;Assistente Social;5
IADVH;UPA PARQUE VITORIA;Auxiliar de Hotelaria;8
IADVH;UPA PARQUE VITORIA;Auxiliar de Farmacia;5
IADVH;UPA PARQUE VITORIA;Enfermeiro;23
IADVH;UPA PARQUE VITORIA;Farmaceutico;1
IADVH;UPA PARQUE VITORIA;Faturista;1
IADVH;UPA PARQUE VITORIA;Fisioterapeuta;2
IADVH;UPA PARQUE VITORIA;Maqueiro;3
IADVH;UPA PARQUE VITORIA;Motorista cat B e D;6
IADVH;UPA PARQUE VITORIA;Recepcionista;8
IADVH;UPA PARQUE VITORIA;Tecnico em Manutenção Predial;1
IADVH;UPA PARQUE VITORIA;Tecnico em Enfermagem;70
IADVH;UPA PARQUE VITORIA;Tecnico em Radiologia;6
EMSERH;UPA SAO JOAO DOS PATOS;Auxiliar Administrativo;4
EMSERH;UPA SAO JOAO DOS PATOS;Auxiliar de Farmácia ;1
EMSERH;UPA SAO JOAO DOS PATOS;Auxiliar Operacional de Serviços Gerais;1
EMSERH;UPA SAO JOAO DOS PATOS;Coordenação de Enfermagem ;1
EMSERH;UPA SAO JOAO DOS PATOS;Coordenador da Farmácia;1
EMSERH;UPA SAO JOAO DOS PATOS;Direror Administrativo;1
EMSERH;UPA SAO JOAO DOS PATOS;Diretor Técnico;1
EMSERH;UPA SAO JOAO DOS PATOS;Encarregado de Faturamento;1
EMSERH;UPA SAO JOAO DOS PATOS;Encarregado de Serviços Gerais;1
EMSERH;UPA SAO JOAO DOS PATOS;Encarregado de Manutenção;1
EMSERH;UPA SAO JOAO DOS PATOS;Encarregado do Almoxarifado ;1
EMSERH;UPA SAO JOAO DOS PATOS;Encarregado de RH;1
EMSERH;UPA SAO JOAO DOS PATOS;Enfermeiro ;10
EMSERH;UPA SAO JOAO DOS PATOS;Enfermeiro NEP/NSP;1
EMSERH;UPA SAO JOAO DOS PATOS;Farmacêuticos  ;5
EMSERH;UPA SAO JOAO DOS PATOS;Fisioterapeuta;2
EMSERH;UPA SAO JOAO DOS PATOS;Motorista categoria D ;1
EMSERH;UPA SAO JOAO DOS PATOS;Secretária  ;1
EMSERH;UPA SAO JOAO DOS PATOS;Supervisor de CCIH - Enfermeiro;1
EMSERH;UPA SAO JOAO DOS PATOS;Supervisores Administrativos ;5
EMSERH;UPA SAO JOAO DOS PATOS;Supervisor de RH;1
EMSERH;UPA SAO JOAO DOS PATOS;Técnico de Enfermagem ;6
EMSERH;UPA SAO JOAO DOS PATOS;Técnico de Imobilização Ortopédica;4
EMSERH;UPA SAO JOAO DOS PATOS;Técnico em Segurança do Trabalho ;1
IADVH;UPA SAO JOAO DOS PATOS;Agente de Portaria;11
IADVH;UPA SAO JOAO DOS PATOS;Assistente Social;4
IADVH;UPA SAO JOAO DOS PATOS;Auxiliar de Almoxarifado;1
IADVH;UPA SAO JOAO DOS PATOS;Auxiliar de Farmacia;4
IADVH;UPA SAO JOAO DOS PATOS;Auxiliar de Hotelaria;0
IADVH;UPA SAO JOAO DOS PATOS;Enfermeiro;10
IADVH;UPA SAO JOAO DOS PATOS;Fisioterapeuta;3
IADVH;UPA SAO JOAO DOS PATOS;Maqueiro;6
IADVH;UPA SAO JOAO DOS PATOS;Motorista Cat. B e D;4
IADVH;UPA SAO JOAO DOS PATOS;Recepcionista;6
IADVH;UPA SAO JOAO DOS PATOS;Tecnico em Gesso ;1
IADVH;UPA SAO JOAO DOS PATOS;Tecnico em administração;5
IADVH;UPA SAO JOAO DOS PATOS;Tecnico em Enfermagem;56
IADVH;UPA SAO JOAO DOS PATOS;Tecnico em Radiologia;7
EMSERH;UPA TIMON;Agente de Portaria;2
EMSERH;UPA TIMON;Assistente Social;1
EMSERH;UPA TIMON;Auxiliar Administrativo;3
EMSERH;UPA TIMON;Auxiliar de Farmácia;1
EMSERH;UPA TIMON;Coordenador da Equipe Multidisciplinar;1
EMSERH;UPA TIMON;Coordenador de Farmácia;1
EMSERH;UPA TIMON;Coordenador(a) Administrativo;1
EMSERH;UPA TIMON;Diretor(a) Administrativo;1
EMSERH;UPA TIMON;Encarregado (a) de Faturamento;1
EMSERH;UPA TIMON;Encarregado de Recursos Humanos;1
EMSERH;UPA TIMON;Enfermeiro (a);12
EMSERH;UPA TIMON;Farmacêutico;6
EMSERH;UPA TIMON;Fisioterapeuta;2
EMSERH;UPA TIMON;Maqueiro;3
EMSERH;UPA TIMON;Motorista;1
EMSERH;UPA TIMON;Recepcionista;1
EMSERH;UPA TIMON;Supervisor (a) Administrativo;5
EMSERH;UPA TIMON;Supervisor CCIH;1
EMSERH;UPA TIMON;Técnico em Enfermagem (Graduação);5
EMSERH;UPA TIMON;Técnico em Enfermagem;25
EMSERH;UPA TIMON;Técnico em Radiologia ;2
IADVH;UPA TIMON;Agente de Portaria;8
IADVH;UPA TIMON;Assistente Administrativo;1
IADVH;UPA TIMON;Assistente Social;5
IADVH;UPA TIMON;Auxiliar de Almoxarifado;3
IADVH;UPA TIMON;Enfermeiro;11
IADVH;UPA TIMON;Fisioterapeuta;4
IADVH;UPA TIMON;Maqueiro;3
IADVH;UPA TIMON;Motorista Cat. B e D;5
IADVH;UPA TIMON;Recepcionista;7
IADVH;UPA TIMON;Tecnico de Enfermagem;53
IADVH;UPA TIMON;Tecnico de Gesso;4
IADVH;UPA TIMON;Tecnico de radiologia;6
EMSERH;HOSPITAL VILA LUIZÃO;Assistente Social ;3
EMSERH;HOSPITAL VILA LUIZÃO;Assistente Adminstrativo;5
EMSERH;HOSPITAL VILA LUIZÃO;Atendentes de Consultório ;5
EMSERH;HOSPITAL VILA LUIZÃO;Auxiliar Administrativo;2
EMSERH;HOSPITAL VILA LUIZÃO;Auxiliar Operacional de Serviços Gerais ;6
EMSERH;HOSPITAL VILA LUIZÃO;Coordenador de Farmácia;1
EMSERH;HOSPITAL VILA LUIZÃO;Coordenador Geral de Enfermagem;1
EMSERH;HOSPITAL VILA LUIZÃO;Coordenador Multiprofissional;1
EMSERH;HOSPITAL VILA LUIZÃO;Diretor Administrativo;1
EMSERH;HOSPITAL VILA LUIZÃO;Diretor Geral;1
EMSERH;HOSPITAL VILA LUIZÃO;Diretor Técnico;1
EMSERH;HOSPITAL VILA LUIZÃO;Encarregado  de Atendimento;1
EMSERH;HOSPITAL VILA LUIZÃO;Enfermeiro;18
EMSERH;HOSPITAL VILA LUIZÃO;Enfermeiro CCIH;1
EMSERH;HOSPITAL VILA LUIZÃO;Enfermeiro NEP;1
EMSERH;HOSPITAL VILA LUIZÃO;Enfermeiro NSP;1
EMSERH;HOSPITAL VILA LUIZÃO;Farmacêutico ;4
EMSERH;HOSPITAL VILA LUIZÃO;Fisioterapeuta;2
EMSERH;HOSPITAL VILA LUIZÃO;Fonoaudiólogo ;1
EMSERH;HOSPITAL VILA LUIZÃO;Maqueiro ;1
EMSERH;HOSPITAL VILA LUIZÃO;Motoristas Carro de Apoio;1
EMSERH;HOSPITAL VILA LUIZÃO;Nutricionista;1
EMSERH;HOSPITAL VILA LUIZÃO;Psicólogo;1
EMSERH;HOSPITAL VILA LUIZÃO;Recepcionista;2
EMSERH;HOSPITAL VILA LUIZÃO;Secretária;1
EMSERH;HOSPITAL VILA LUIZÃO;Supervisor  do Serviço Social ;1
EMSERH;HOSPITAL VILA LUIZÃO;Supervisor Administrativo;4
EMSERH;HOSPITAL VILA LUIZÃO;Supervisor Administrativo Diarista da Pediatria;1
EMSERH;HOSPITAL VILA LUIZÃO;Supervisor Administrativo Diarista da UTI;1
EMSERH;HOSPITAL VILA LUIZÃO;Supervisor de Enfermagem ;2
EMSERH;HOSPITAL VILA LUIZÃO;Supervisor de Faturamento;1
EMSERH;HOSPITAL VILA LUIZÃO;Supervisor de Nutrição;1
EMSERH;HOSPITAL VILA LUIZÃO;Supervisor de Recursos Humano;1
EMSERH;HOSPITAL VILA LUIZÃO;Supervisor do Núcleo Interno de Regulação-NIR ;1
EMSERH;HOSPITAL VILA LUIZÃO;Tecnico de Nivel Superior;2
EMSERH;HOSPITAL VILA LUIZÃO;Técnico em enfermagem ;45
EMSERH;HOSPITAL VILA LUIZÃO;Técnico em imobilização ortopédica ;2
EMSERH;HOSPITAL VILA LUIZÃO;Técnico em Segurança do Trabalho;1
EMSERH;HOSPITAL VILA LUIZÃO;Terapeuta ocupacional ;2
IADVH;UPA VILA LUIZAO;Agente de Portaria;11
IADVH;UPA VILA LUIZAO;Assistente Administrativo;7
IADVH;UPA VILA LUIZAO;Assistente Social;3
IADVH;UPA VILA LUIZAO;Auxiliar de Hotelaria;2
IADVH;UPA VILA LUIZAO;Auxiliar de Farmacia;4
IADVH;UPA VILA LUIZAO;Enfermeiro;34
IADVH;UPA VILA LUIZAO;Farmaceutico;1
IADVH;UPA VILA LUIZAO;Fisioterapeuta;9
IADVH;UPA VILA LUIZAO;Maqueiro;8
IADVH;UPA VILA LUIZAO;Motorista cat B e D;4
IADVH;UPA VILA LUIZAO;Nutricionista;2
IADVH;UPA VILA LUIZAO;Recepcionista;5
IADVH;UPA VILA LUIZAO;Técnico em Informática;1
IADVH;UPA VILA LUIZAO;Tecnico em Enfermagem;104
IADVH;UPA VILA LUIZAO;Técnico em Manutenção Predial;2
IADVH;UPA VILA LUIZAO;Tecnico em Radiologia;7
IADVH;ADELSON LOPES - VILA LUIZAO;Agente de Portaria;1
IADVH;ADELSON LOPES - VILA LUIZAO;Assistente Social;2
IADVH;ADELSON LOPES - VILA LUIZAO;Assistente Administrativo;1
IADVH;ADELSON LOPES - VILA LUIZAO;Enfermeiro;2
IADVH;ADELSON LOPES - VILA LUIZAO;Recepcionista;2
IADVH;ADELSON LOPES - VILA LUIZAO;Tecnico em Enfermagem;7
